Frame,Body_Angle_deg,Leg_Stretch_Ratio
0,96.809,0.547
0,91.511,0.437
1,96.358,0.552
1,91.465,0.431
2,94.944,0.541
2,91.559,0.433
3,94.928,0.541
3,91.567,0.432
4,94.209,0.547
4,91.956,0.429
5,94.219,0.551
5,91.822,0.423
6,93.475,0.557
6,90.284,0.387
7,92.298,0.563
7,88.479,0.377
8,92.889,0.573
8,86.199,0.389
9,92.929,0.572
9,85.863,0.42
10,92.554,0.541
10,86.165,0.355
11,91.961,0.545
11,82.251,0.389
12,93.241,0.558
12,83.63,0.386
13,93.403,0.548
13,86.05,0.388
14,94.018,0.537
14,86.894,0.379
15,93.932,0.538
15,86.761,0.379
16,94.43,0.551
16,91.567,0.374
17,99.847,0.528
17,93.117,0.355
18,99.49,0.495
18,94.608,0.361
19,98.889,0.521
19,94.591,0.408
20,98.95,0.506
20,95.217,0.439
21,98.912,0.506
21,95.3,0.438
22,101.965,0.513
22,99.341,0.395
23,101.693,0.51
23,101.233,0.39
24,103.875,0.527
24,103.374,0.353
25,103.109,0.533
25,98.339,0.372
26,101.68,0.543
26,98.186,0.308
27,101.686,0.543
27,98.087,0.306
28,100.594,0.57
28,96.979,0.282
29,96.797,0.537
29,96.566,0.322
30,93.487,0.511
30,98.358,0.279
31,94.044,0.509
31,100.104,0.324
32,93.089,0.506
32,100.699,0.316
33,93.097,0.505
33,100.664,0.317
34,91.982,0.523
34,105.263,0.354
35,91.625,0.549
35,103.332,0.332
36,93.553,0.571
36,102.294,0.335
37,93.909,0.577
37,101.599,0.365
38,91.617,0.573
38,98.989,0.296
39,91.637,0.573
39,99.124,0.3
40,94.722,0.576
40,98.047,0.233
41,93.6,0.593
41,100.535,0.4
42,92.843,0.58
42,98.296,0.274
43,92.901,0.567
43,99.289,0.176
44,95.019,0.553
45,95.041,0.553
46,94.492,0.565
47,91.008,0.58
47,103.005,0.333
48,92.362,0.57
48,107.584,0.383
49,89.715,0.547
50,90.233,0.543
51,90.248,0.543
52,90.192,0.516
52,105.907,0.41
53,90.564,0.51
53,106.603,0.417
54,94.014,0.513
54,108.201,0.42
55,96.401,0.523
55,105.234,0.402
55,98.27,0.517
56,101.557,0.511
56,97.152,0.509
56,110.421,0.268
57,101.49,0.511
57,97.078,0.508
57,110.153,0.262
58,101.173,0.528
58,108.878,0.374
59,101.456,0.52
59,110.067,0.408
60,100.591,0.52
60,108.891,0.438
61,99.326,0.51
61,107.963,0.471
62,96.815,0.498
62,109.984,0.45
63,96.828,0.497
63,110.015,0.449
64,97.706,0.498
64,109.46,0.42
65,97.356,0.516
65,108.579,0.421
66,97.545,0.525
66,106.464,0.434
67,98.251,0.513
67,108.09,0.441
68,98.001,0.512
68,113.17,0.403
69,98.003,0.512
69,113.379,0.402
70,96.549,0.513
70,110.303,0.478
71,96.101,0.498
71,113.924,0.48
72,93.339,0.512
72,101.929,0.459
73,92.043,0.512
73,109.525,0.44
74,91.486,0.515
74,96.57,0.507
75,91.506,0.515
75,96.471,0.503
76,91.278,0.524
76,100.516,0.43
77,91.2,0.523
77,112.685,0.453
78,90.847,0.516
78,122.541,0.494
79,89.882,0.53
79,122.088,0.476
80,90.79,0.559
80,117.154,0.395
81,90.808,0.559
81,118.554,0.445
82,92.14,0.588
82,101.356,0.398
83,92.459,0.588
83,93.896,0.352
84,93.374,0.564
84,101.009,0.344
85,91.483,0.546
85,111.112,0.398
86,92.5,0.552
86,117.255,0.399
87,92.479,0.552
87,117.222,0.4
88,93.024,0.536
88,117.628,0.39
89,91.174,0.534
89,117.596,0.39
90,88.123,0.515
90,113.552,0.372
91,87.295,0.53
91,119.187,0.373
92,92.733,0.556
92,113.538,0.375
93,92.781,0.555
93,113.487,0.375
94,94.415,0.583
94,108.753,0.355
95,91.102,0.523
95,98.14,0.377
96,87.554,0.567
96,93.675,0.333
97,87.935,0.619
97,89.1,0.362
98,83.43,0.569
98,83.693,0.345
99,83.446,0.569
99,83.883,0.345
100,80.439,0.527
100,91.38,0.335
101,78.322,0.585
101,89.453,0.322
102,80.808,0.514
102,87.466,0.323
103,78.248,0.531
103,91.839,0.315
104,78.965,0.489
104,91.469,0.364
105,78.889,0.489
105,91.454,0.364
106,73.798,0.504
106,87.62,0.364
107,66.534,0.521
107,92.2,0.378
108,72.452,0.516
108,98.849,0.381
109,79.094,0.493
109,91.432,0.337
110,81.487,0.524
110,95.138,0.339
111,81.43,0.523
111,94.986,0.341
112,79.174,0.516
112,90.342,0.428
113,80.748,0.505
113,92.382,0.42
114,80.913,0.521
114,93.424,0.378
115,82.437,0.538
115,96.794,0.367
116,83.949,0.542
116,93.718,0.373
117,83.964,0.542
117,93.675,0.373
118,86.688,0.577
118,94.933,0.363
119,89.903,0.566
119,97.984,0.389
120,93.159,0.581
120,97.729,0.315
121,93.932,0.559
121,95.777,0.386
122,95.337,0.561
123,95.315,0.561
124,99.127,0.586
125,97.947,0.577
125,98.546,0.335
126,98.595,0.572
126,96.917,0.379
127,104.328,0.569
127,96.893,0.402
128,106.987,0.562
128,96.29,0.339
129,106.878,0.584
129,96.326,0.339
130,107.812,0.57
130,97.887,0.363
131,106.481,0.558
131,99.686,0.341
132,104.922,0.521
132,98.369,0.38
133,101.836,0.5
133,101.942,0.393
134,98.351,0.515
134,102.998,0.359
135,98.347,0.515
135,103.094,0.361
136,97.303,0.542
136,101.05,0.292
137,90.577,0.536
137,103.224,0.305
138,93.313,0.515
138,100.216,0.327
139,92.241,0.483
139,99.582,0.352
140,90.339,0.415
140,100.89,0.364
141,90.369,0.414
141,100.946,0.365
142,89.709,0.448
142,100.355,0.355
143,92.132,0.495
143,100.442,0.351
144,85.882,0.491
144,98.617,0.367
145,83.101,0.491
145,98.521,0.386
146,88.288,0.464
146,97.213,0.397
147,88.378,0.465
147,97.149,0.396
148,87.222,0.494
148,97.634,0.419
149,83.918,0.455
149,98.139,0.391
150,82.839,0.451
150,99.123,0.397
151,84.753,0.442
151,96.416,0.398
152,80.57,0.496
152,94.584,0.416
153,80.498,0.498
153,94.602,0.416
154,83.257,0.476
154,95.187,0.411
155,79.062,0.5
155,94.483,0.415
156,80.23,0.425
156,103.354,0.413
157,84.428,0.439
157,102.815,0.419
158,84.102,0.459
158,91.382,0.393
159,84.105,0.459
159,91.37,0.393
160,84.705,0.467
160,86.306,0.401
161,83.217,0.493
161,85.257,0.396
162,85.495,0.499
162,86.345,0.377
163,87.039,0.496
163,88.385,0.402
164,88.126,0.49
164,87.228,0.408
165,88.131,0.49
165,87.203,0.408
166,90.943,0.507
166,88.828,0.428
167,92.951,0.548
167,86.632,0.39
168,93.549,0.52
168,85.077,0.359
169,96.781,0.52
169,84.513,0.343
170,95.836,0.581
170,79.497,0.35
171,95.742,0.581
171,79.424,0.351
172,94.84,0.506
172,84.941,0.364
173,91.477,0.493
173,89.503,0.421
174,93.477,0.514
174,92.485,0.415
175,89.564,0.505
175,80.091,0.437
176,86.72,0.509
176,75.717,0.458
177,86.708,0.509
177,75.765,0.458
178,87.929,0.516
178,81.365,0.409
179,84.536,0.463
179,79.53,0.408
180,85.355,0.435
180,69.159,0.451
181,87.784,0.46
181,73.329,0.477
182,91.117,0.434
182,74.501,0.482
183,91.226,0.434
183,74.396,0.482
184,93.124,0.421
184,74.953,0.474
185,95.417,0.44
185,81.328,0.432
186,98.487,0.434
186,84.825,0.412
187,102.528,0.435
187,87.859,0.411
188,100.518,0.496
188,87.336,0.415
189,100.437,0.499
189,87.335,0.415
190,102.132,0.488
190,89.987,0.418
191,100.128,0.496
191,93.208,0.412
192,98.845,0.514
192,96.863,0.495
193,102.289,0.562
193,97.488,0.498
194,99.503,0.587
194,100.23,0.477
195,99.498,0.588
195,100.29,0.477
196,103.751,0.553
196,96.42,0.502
197,104.382,0.552
197,95.086,0.477
198,104.001,0.492
198,94.033,0.446
198,97.437,0.431
199,103.997,0.463
199,95.748,0.416
200,104.688,0.499
200,92.7,0.393
201,104.943,0.5
201,92.765,0.392
202,102.939,0.57
202,88.803,0.375
203,107.38,0.575
203,88.49,0.387
204,109.456,0.567
204,90.391,0.372
205,117.47,0.548
205,90.96,0.393
206,115.844,0.608
206,91.419,0.41
207,115.691,0.608
207,91.28,0.41
208,125.202,0.596
208,93.595,0.431
209,123.354,0.612
209,96.032,0.374
210,121.715,0.582
210,99.406,0.418
211,134.165,0.539
211,96.036,0.433
212,134.146,0.5
212,99.589,0.44
213,134.101,0.501
213,99.477,0.441
214,126.816,0.519
214,102.034,0.409
215,123.875,0.482
215,98.042,0.415
216,121.547,0.519
216,96.564,0.397
217,119.312,0.524
217,108.429,0.423
217,84.237,0.246
218,122.487,0.547
218,118.09,0.398
219,122.506,0.545
219,118.031,0.397
220,119.129,0.638
220,132.077,0.465
221,120.423,0.609
221,139.249,0.449
221,84.686,0.243
222,119.326,0.629
222,138.72,0.419
222,84.699,0.244
223,121.588,0.571
223,134.589,0.517
224,111.035,0.618
224,137.698,0.496
225,111.101,0.618
225,137.545,0.494
226,113.749,0.587
226,135.011,0.479
227,111.31,0.596
227,133.111,0.454
228,109.487,0.569
228,130.02,0.472
229,101.277,0.577
229,129.947,0.5
230,94.753,0.561
230,131.979,0.518
231,94.761,0.561
231,131.602,0.517
232,91.009,0.588
232,124.633,0.477
233,85.928,0.552
233,120.836,0.468
234,83.051,0.523
234,125.907,0.508
235,80.667,0.526
235,118.158,0.491
236,79.524,0.524
236,114.566,0.486
236,57.512,0.561
237,79.445,0.523
237,114.426,0.486
237,58.571,0.557
238,79.542,0.556
238,116.433,0.501
238,58.458,0.545
238,86.727,0.472
239,80.046,0.592
239,118.03,0.473
239,61.59,0.527
240,81.51,0.529
240,116.888,0.465
240,86.216,0.469
241,85.575,0.51
241,115.575,0.466
241,85.715,0.469
242,91.134,0.456
242,112.296,0.444
242,85.558,0.47
243,91.168,0.456
243,112.362,0.444
243,85.68,0.47
244,87.875,0.46
244,111.404,0.445
244,85.939,0.472
245,87.248,0.464
245,110.577,0.461
245,85.939,0.471
246,88.09,0.466
246,106.906,0.399
247,87.304,0.486
247,107.775,0.39
248,90.226,0.508
248,103.177,0.425
249,90.269,0.508
249,103.133,0.425
250,88.236,0.463
250,102.854,0.389
250,86.125,0.473
251,87.116,0.515
251,97.363,0.432
251,85.714,0.468
252,85.385,0.484
252,99.561,0.395
252,86.005,0.47
253,88.711,0.538
253,102.299,0.399
253,86.042,0.473
254,87.164,0.484
254,107.44,0.442
255,87.183,0.484
255,107.354,0.442
256,83.55,0.461
256,103.757,0.44
256,86.302,0.47
257,83.981,0.446
257,109.974,0.409
257,86.309,0.47
258,83.89,0.449
258,110.293,0.414
259,84.115,0.472
259,114.938,0.412
260,79.901,0.419
260,117.096,0.392
261,79.885,0.419
261,117.029,0.392
262,81.84,0.437
262,110.643,0.381
263,83.415,0.451
263,102.073,0.4
264,85.128,0.486
264,99.75,0.361
265,84.425,0.498
265,97.578,0.379
266,84.619,0.515
266,99.385,0.44
266,97.449,0.389
266,89.768,0.484
267,84.638,0.514
267,99.497,0.44
267,97.406,0.39
268,87.463,0.551
268,99.573,0.381
268,99.96,0.364
269,89.973,0.553
269,96.085,0.375
270,90.77,0.525
270,96.904,0.392
271,91.885,0.51
271,98.145,0.393
272,95.314,0.514
272,97.95,0.394
273,95.275,0.515
273,97.995,0.393
274,97.671,0.515
274,98.249,0.383
275,98.671,0.535
275,96.855,0.388
276,100.353,0.525
276,96.525,0.407
277,104.196,0.553
277,97.039,0.382
278,105.134,0.552
278,96.178,0.387
279,106.669,0.608
279,96.172,0.388
280,106.226,0.555
280,94.808,0.398
281,108.117,0.548
281,95.946,0.335
282,101.967,0.543
282,91.308,0.37
283,98.157,0.53
283,93.961,0.395
284,99.925,0.534
284,98.267,0.373
285,100.016,0.534
285,98.186,0.372
286,98.035,0.517
286,97.721,0.355
287,97.534,0.505
287,94.18,0.343
288,100.573,0.52
288,93.668,0.371
289,98.054,0.553
289,92.747,0.309
290,97.227,0.557
290,91.457,0.306
291,97.161,0.559
291,91.554,0.308
292,93.617,0.513
292,91.091,0.282
293,96.193,0.493
293,95.404,0.278
294,94.167,0.527
294,94.039,0.305
295,93.097,0.553
296,93.666,0.568
296,94.1,0.334
297,93.648,0.569
297,94.101,0.334
298,95.79,0.56
298,93.609,0.352
299,97.001,0.536
299,96.323,0.376
300,95.926,0.539
300,97.591,0.414
301,90.255,0.571
301,100.953,0.429
302,94.494,0.561
302,103.994,0.449
303,94.485,0.562
303,104.001,0.449
304,97.401,0.519
304,108.251,0.433
305,95.131,0.534
306,93.655,0.555
307,97.302,0.485
307,112.221,0.392
308,99.004,0.523
308,111.755,0.412
309,99.108,0.52
309,111.539,0.412
310,92.425,0.541
310,108.195,0.354
311,93.015,0.524
311,114.97,0.413
312,91.255,0.552
312,110.925,0.405
313,90.529,0.532
313,105.73,0.41
314,90.572,0.509
314,99.261,0.357
315,90.61,0.514
315,99.383,0.358
316,90.625,0.486
316,95.36,0.315
317,89.218,0.5
317,95.132,0.314
318,89.056,0.51
318,99.658,0.387
319,87.399,0.483
319,96.244,0.409
320,87.763,0.491
320,94.009,0.408
321,87.779,0.491
321,93.947,0.408
322,89.054,0.468
322,94.872,0.401
322,94.518,0.395
323,90.079,0.477
323,93.269,0.393
323,91.998,0.407
324,91.185,0.469
324,91.146,0.401
325,93.052,0.467
325,91.871,0.403
326,94.509,0.459
326,92.32,0.386
327,94.517,0.459
327,92.387,0.385
328,95.127,0.461
328,90.747,0.369
329,94.558,0.528
329,90.756,0.352
330,95.216,0.475
330,88.525,0.344
331,95.565,0.494
331,88.175,0.338
332,96.463,0.511
332,86.442,0.332
333,96.452,0.51
333,86.416,0.333
334,97.463,0.512
335,96.869,0.506
335,82.679,0.379
336,97.002,0.479
336,87.058,0.375
337,99.697,0.495
337,85.94,0.436
338,100.617,0.481
338,90.384,0.456
339,100.584,0.48
339,90.431,0.456
340,100.392,0.483
340,93.293,0.44
341,96.931,0.525
342,94.203,0.54
343,92.365,0.54
344,92.615,0.523
344,92.416,0.412
345,92.577,0.523
345,92.479,0.412
346,91.684,0.536
346,89.043,0.411
347,89.831,0.528
347,93.61,0.446
348,88.898,0.529
348,87.284,0.491
349,88.592,0.523
349,89.377,0.488
350,90.127,0.571
350,98.184,0.466
351,90.151,0.571
351,97.912,0.467
352,89.303,0.677
352,96.396,0.449
353,89.723,0.566
353,104.205,0.439
354,92.771,0.603
354,103.795,0.389
355,98.436,0.622
355,103.576,0.392
356,106.338,0.591
356,101.75,0.371
357,106.364,0.591
357,101.668,0.371
358,121.278,0.602
358,108.5,0.386
359,128.028,0.59
359,112.841,0.356
360,131.384,0.536
360,112.694,0.364
361,139.973,0.568
362,147.869,0.536
363,147.947,0.536
364,154.959,0.534
365,156.177,0.55
366,161.988,0.531
367,160.508,0.508
367,91.649,0.356
368,154.682,0.475
369,154.6,0.476
370,164.472,0.445
371,167.645,0.529
372,175.886,0.55
372,87.019,0.313
373,172.3,0.429
374,162.354,0.533
374,91.53,0.337
375,162.16,0.533
375,91.598,0.338
376,148.577,0.465
376,95.604,0.373
377,118.92,0.485
378,97.722,0.402
379,88.106,0.434
379,94.899,0.359
380,81.46,0.468
380,96.387,0.339
381,81.497,0.468
381,96.439,0.34
382,74.8,0.625
382,100.943,0.375
383,67.968,0.61
383,104.369,0.381
384,67.836,0.625
384,106.64,0.389
385,71.105,0.608
385,107.404,0.404
386,70.643,0.616
386,99.117,0.364
387,70.586,0.616
387,99.072,0.363
388,66.883,0.644
388,103.971,0.367
389,71.809,0.636
389,96.891,0.36
390,75.056,0.598
390,101.769,0.339
391,74.035,0.622
391,102.088,0.39
392,79.287,0.619
392,106.632,0.362
393,79.292,0.619
393,106.687,0.362
394,80.208,0.574
395,78.952,0.602
395,102.744,0.342
396,78.656,0.566
396,98.552,0.371
397,80.744,0.569
397,99.643,0.426
398,79.53,0.571
398,104.456,0.364
399,79.468,0.571
399,104.575,0.364
400,78.54,0.54
400,102.934,0.391
401,77.688,0.529
401,97.631,0.395
402,80.719,0.499
402,94.163,0.379
403,80.447,0.447
403,93.09,0.383
404,83.185,0.413
404,96.861,0.43
405,83.189,0.414
405,96.905,0.429
406,82.595,0.482
406,97.849,0.462
407,83.354,0.553
407,92.898,0.409
407,92.543,0.451
408,83.701,0.594
408,96.924,0.435
409,80.43,0.589
409,99.69,0.407
410,74.706,0.571
410,91.661,0.416
411,74.625,0.571
411,91.699,0.415
412,77.577,0.523
412,94.377,0.416
412,95.587,0.427
413,79.939,0.517
413,98.36,0.413
414,81.271,0.501
414,95.635,0.434
415,86.851,0.507
415,96.116,0.43
416,83.889,0.54
416,93.549,0.465
417,83.88,0.54
417,93.648,0.466
418,91.908,0.606
418,89.855,0.463
419,95.164,0.593
419,88.865,0.455
420,95.571,0.547
420,85.156,0.457
421,94.117,0.55
421,85.548,0.455
422,93.885,0.594
422,85.573,0.442
423,93.837,0.594
423,85.616,0.442
424,86.846,0.62
424,84.427,0.429
425,90.93,0.615
425,82.891,0.454
426,91.513,0.59
426,81.506,0.443
427,92.745,0.546
427,84.25,0.441
428,87.559,0.572
428,88.423,0.425
429,87.545,0.572
429,88.417,0.425
430,86.981,0.513
430,87.823,0.444
431,86.252,0.53
431,86.785,0.434
432,80.314,0.658
432,85.929,0.437
433,79.328,0.61
433,89.379,0.446
434,77.553,0.586
434,86.664,0.428
435,77.526,0.585
435,86.627,0.428
436,77.828,0.582
436,83.92,0.42
437,74.315,0.564
437,84.888,0.404
438,72.366,0.653
438,87.468,0.42
439,73.16,0.691
439,88.118,0.424
440,73.093,0.689
440,89.335,0.417
441,73.001,0.689
441,89.479,0.417
442,74.272,0.629
442,87.621,0.421
443,77.292,0.605
443,86.921,0.391
444,79.734,0.601
444,90.388,0.409
445,80.877,0.595
445,90.052,0.439
446,84.654,0.52
446,88.47,0.436
447,84.697,0.52
447,88.41,0.435
448,84.388,0.614
448,88.329,0.487
449,85.876,0.57
449,84.511,0.409
450,87.35,0.568
450,79.846,0.425
451,87.021,0.548
451,80.308,0.41
452,87.485,0.555
452,81.288,0.387
453,87.423,0.555
453,81.313,0.387
454,85.816,0.547
454,85.082,0.429
455,87.627,0.54
455,85.727,0.479
456,85.88,0.586
456,80.128,0.526
457,87.291,0.558
457,83.086,0.446
458,91.277,0.599
458,88.727,0.446
459,91.294,0.599
459,88.734,0.446
460,94.027,0.628
460,91.717,0.461
461,97.779,0.614
461,86.954,0.44
462,100.557,0.613
462,86.631,0.435
463,100.647,0.566
463,88.582,0.397
464,98.54,0.514
464,93.422,0.415
465,98.469,0.514
465,93.497,0.415
466,98.082,0.521
466,93.928,0.415
467,98.688,0.521
467,96.018,0.402
468,96.393,0.566
468,101.416,0.416
469,99.029,0.602
469,100.936,0.399
470,94.154,0.568
470,102.444,0.428
471,94.299,0.569
471,102.478,0.428
472,91.67,0.553
472,103.819,0.416
473,90.198,0.539
473,99.335,0.447
474,89.478,0.504
474,95.094,0.434
475,90.44,0.495
475,95.46,0.413
476,90.411,0.459
476,96.483,0.421
477,90.356,0.459
477,96.506,0.42
478,91.682,0.444
478,95.905,0.389
479,92.756,0.465
479,99.1,0.382
480,93.048,0.46
480,101.619,0.38
481,93.277,0.474
481,103.967,0.389
482,93.636,0.487
482,99.295,0.375
483,93.61,0.487
483,99.345,0.376
484,96.318,0.515
484,98.878,0.342
485,95.951,0.536
485,108.787,0.389
486,96.56,0.546
486,104.823,0.39
487,96.507,0.556
487,92.834,0.352
488,97.83,0.556
488,93.011,0.368
489,97.745,0.555
489,92.958,0.369
490,97.37,0.562
490,92.602,0.37
491,98.513,0.572
491,86.326,0.366
492,97.256,0.559
492,90.206,0.424
493,98.683,0.553
493,96.605,0.438
494,100.925,0.552
494,94.9,0.433
495,100.942,0.552
495,94.895,0.433
496,103.424,0.556
496,95.795,0.367
497,104.132,0.553
498,104.722,0.542
498,95.476,0.328
498,87.749,0.468
499,105.12,0.526
499,93.454,0.275
499,87.577,0.467
500,105.193,0.548
500,87.276,0.468
501,105.189,0.548
501,87.328,0.468
502,103.86,0.541
502,99.314,0.444
502,87.207,0.462
503,104.025,0.55
503,102.938,0.386
503,87.313,0.46
504,101.096,0.554
504,103.553,0.372
504,87.458,0.463
505,100.563,0.535
505,99.467,0.447
505,87.359,0.464
506,98.491,0.537
506,95.387,0.391
506,87.523,0.465
507,98.484,0.537
507,95.415,0.391
507,87.534,0.465
508,98.572,0.537
508,93.218,0.425
509,97.017,0.538
509,93.809,0.419
510,95.99,0.505
510,96.245,0.396
511,93.364,0.509
511,94.864,0.414
512,91.208,0.518
512,91.29,0.444
513,91.256,0.518
513,91.144,0.443
514,92.443,0.492
514,93.028,0.464
514,87.508,0.46
515,96.832,0.483
515,94.031,0.469
515,87.618,0.462
516,100.846,0.5
516,94.86,0.483
516,87.435,0.467
517,102.658,0.541
517,101.814,0.476
518,105.938,0.626
518,104.499,0.478
519,105.956,0.626
519,104.628,0.478
520,105.525,0.613
520,110.799,0.502
521,103.841,0.599
521,103.869,0.476
522,99.896,0.569
522,101.968,0.512
523,92.672,0.467
523,98.585,0.521
524,96.291,0.551
524,93.322,0.425
525,96.276,0.551
525,93.231,0.424
526,93.131,0.409
526,91.27,0.569
527,90.513,0.41
527,89.623,0.523
528,95.988,0.522
528,89.937,0.408
528,98.259,0.511
529,96.109,0.531
529,89.317,0.434
530,95.058,0.554
530,90.701,0.44
531,95.108,0.554
531,90.692,0.44
532,93.757,0.605
532,90.006,0.426
533,92.999,0.568
533,93.87,0.414
534,93.484,0.611
534,91.322,0.427
535,90.263,0.578
535,91.559,0.435
536,88.805,0.517
536,88.504,0.44
537,88.826,0.517
537,88.591,0.44
538,91.907,0.567
538,81.3,0.399
539,89.964,0.515
539,76.354,0.413
540,87.849,0.553
540,71.058,0.439
541,92.798,0.536
541,75.66,0.42
542,95.457,0.543
542,78.619,0.448
543,95.481,0.542
543,78.839,0.448
544,98.784,0.565
544,66.624,0.486
545,104.521,0.622
545,69.614,0.477
546,102.835,0.621
546,68.47,0.449
547,104.015,0.572
547,67.295,0.425
548,103.342,0.536
548,65.226,0.428
549,103.331,0.536
549,65.371,0.427
550,100.165,0.558
550,59.387,0.439
551,97.313,0.585
551,66.09,0.424
552,95.831,0.607
552,62.05,0.431
553,94.625,0.607
553,63.333,0.438
554,92.851,0.577
554,59.383,0.427
555,92.883,0.577
555,59.321,0.427
556,91.729,0.58
556,60.821,0.434
557,94.086,0.576
557,58.564,0.434
558,91.714,0.594
558,57.245,0.443
559,92.123,0.56
559,69.072,0.447
560,94.472,0.526
560,74.143,0.431
561,94.46,0.526
561,74.189,0.432
562,90.444,0.644
562,74.469,0.405
563,92.155,0.594
563,86.356,0.36
564,91.77,0.567
564,81.924,0.367
565,91.657,0.601
565,82.985,0.374
566,85.964,0.611
566,84.263,0.371
567,85.972,0.612
567,84.121,0.372
568,85.025,0.59
568,87.221,0.358
568,91.802,0.399
569,92.17,0.496
569,94.747,0.388
570,91.093,0.487
570,98.404,0.375
570,95.864,0.357
571,89.417,0.513
571,98.756,0.377
572,86.1,0.517
572,97.276,0.393
573,86.097,0.517
573,97.387,0.393
574,83.857,0.534
574,97.979,0.414
575,84.48,0.52
575,92.261,0.397
576,84.788,0.527
576,102.269,0.419
577,85.305,0.53
577,103.485,0.355
578,86.26,0.529
578,101.116,0.373
579,86.24,0.53
579,100.931,0.373
580,88.159,0.525
580,98.628,0.392
581,89.865,0.524
581,97.666,0.361
581,97.464,0.389
582,92.393,0.539
582,95.956,0.365
582,96.288,0.341
583,96.527,0.54
583,96.345,0.35
583,96.666,0.391
584,98.868,0.586
584,98.704,0.334
585,98.818,0.586
585,98.885,0.333
586,98.969,0.55
586,99.655,0.369
587,97.18,0.533
587,97.651,0.416
588,97.34,0.583
588,97.09,0.342
589,100.046,0.55
589,98.169,0.318
590,101.435,0.586
590,99.402,0.317
591,101.441,0.585
591,99.317,0.317
592,104.047,0.677
592,100.435,0.34
593,101.156,0.684
593,101.483,0.334
594,99.359,0.664
594,97.73,0.304
595,93.06,0.539
595,95.17,0.313
596,92.569,0.523
596,94.208,0.373
597,92.534,0.523
597,94.252,0.374
598,94.234,0.524
598,95.097,0.361
599,91.041,0.463
599,96.015,0.336
600,90.202,0.443
600,95.07,0.393
601,91.066,0.438
601,96.996,0.421
602,88.751,0.442
602,97.132,0.418
603,88.729,0.443
603,97.092,0.418
604,82.79,0.482
604,96.998,0.44
605,79.015,0.5
605,92.873,0.416
606,80.359,0.571
606,94.366,0.447
607,72.396,0.607
607,92.298,0.447
608,72.47,0.602
608,91.751,0.443
609,72.48,0.603
609,91.662,0.443
610,69.425,0.585
610,88.916,0.417
611,74.46,0.581
611,88.853,0.417
612,66.382,0.63
612,92.739,0.435
613,66.262,0.603
613,93.562,0.452
614,74.083,0.617
614,91.817,0.459
615,74.27,0.618
615,91.956,0.46
616,75.643,0.597
616,87.842,0.427
617,79.484,0.565
617,86.883,0.434
618,82.628,0.658
618,88.975,0.449
619,83.016,0.629
619,89.113,0.442
620,86.04,0.633
620,85.781,0.446
621,84.253,0.636
621,85.802,0.446
622,93.469,0.64
622,86.743,0.437
623,89.589,0.621
623,87.902,0.443
624,89.755,0.589
624,85.027,0.395
625,92.412,0.583
625,90.413,0.443
626,94.245,0.651
626,85.135,0.42
627,94.277,0.651
627,84.959,0.42
628,97.75,0.547
628,82.676,0.394
629,94.967,0.56
629,83.059,0.383
630,95.882,0.561
630,85.957,0.344
631,94.292,0.561
631,84.898,0.385
632,90.432,0.6
632,81.069,0.386
633,90.442,0.6
633,80.942,0.386
634,89.17,0.629
634,74.079,0.376
635,88.032,0.584
635,70.728,0.435
636,86.452,0.58
636,67.649,0.471
637,83.897,0.557
637,73.045,0.448
638,83.256,0.579
638,82.858,0.442
639,83.263,0.578
639,82.73,0.442
640,84.891,0.539
640,85.419,0.413
641,82.511,0.528
641,92.222,0.428
641,91.188,0.429
642,81.837,0.55
642,91.738,0.403
643,81.634,0.564
643,90.477,0.453
644,82.775,0.566
644,91.194,0.469
645,82.778,0.566
645,91.218,0.469
646,83.846,0.549
646,95.079,0.497
647,83.173,0.55
647,96.583,0.461
648,81.301,0.526
648,104.695,0.465
649,78.965,0.581
649,98.869,0.466
650,77.546,0.655
650,99.235,0.477
651,77.534,0.656
651,99.175,0.477
652,78.069,0.646
652,94.75,0.451
653,78.18,0.576
653,107.059,0.466
654,83.974,0.619
654,98.679,0.428
655,84.207,0.625
655,94.898,0.38
656,92.547,0.723
656,97.425,0.343
657,92.574,0.724
657,97.37,0.343
658,97.512,0.584
658,94.796,0.357
659,101.225,0.538
659,90.558,0.328
660,105.766,0.538
660,97.405,0.334
661,107.021,0.582
661,107.551,0.347
662,110.135,0.578
662,108.735,0.43
663,106.864,0.605
663,108.647,0.431
664,107.745,0.576
664,103.422,0.448
665,108.767,0.594
665,99.644,0.345
666,106.704,0.603
666,98.449,0.348
667,106.698,0.594
667,98.715,0.386
668,104.867,0.6
668,91.374,0.391
669,104.848,0.6
669,91.614,0.391
670,104.232,0.609
670,94.219,0.408
671,101.04,0.618
671,95.579,0.388
672,99.778,0.611
672,89.014,0.411
673,103.254,0.581
673,96.593,0.378
674,103.275,0.606
674,95.426,0.407
675,103.241,0.607
675,95.319,0.408
676,99.443,0.609
676,93.134,0.451
677,100.889,0.593
677,95.369,0.466
678,102.922,0.594
678,93.595,0.454
679,101.992,0.592
679,93.023,0.436
680,101.496,0.591
680,99.681,0.422
681,101.493,0.59
681,100.056,0.423
682,101.094,0.552
682,97.878,0.442
683,99.994,0.595
683,98.919,0.446
684,98.11,0.584
684,96.044,0.434
685,97.262,0.603
685,99.302,0.482
686,96.753,0.574
686,100.209,0.516
687,96.766,0.574
687,100.108,0.516
688,96.035,0.554
688,96.698,0.491
689,95.062,0.548
689,91.845,0.387
690,94.04,0.532
690,95.041,0.457
691,94.443,0.512
691,90.862,0.419
692,95.77,0.498
692,85.298,0.389
693,95.752,0.498
693,85.299,0.39
694,96.834,0.501
694,90.296,0.395
695,95.105,0.5
695,88.608,0.4
696,94.231,0.509
696,89.451,0.388
697,97.128,0.528
697,87.311,0.417
698,92.804,0.554
698,85.369,0.39
699,92.838,0.554
699,86.704,0.431
700,96.281,0.564
700,87.382,0.448
701,97.342,0.582
701,90.981,0.427
702,96.869,0.516
702,89.511,0.444
703,102.994,0.447
703,88.894,0.441
704,102.478,0.549
704,90.598,0.401
705,102.716,0.55
705,90.544,0.402
706,103.461,0.501
706,90.835,0.414
707,100.765,0.492
707,89.361,0.414
708,104.065,0.557
708,86.879,0.453
709,104.73,0.544
709,90.57,0.445
710,108.047,0.537
710,93.184,0.427
711,107.866,0.537
711,93.233,0.426
712,116.366,0.599
712,92.064,0.403
713,124.014,0.617
713,89.22,0.406
714,119.722,0.66
714,90.286,0.442
715,114.979,0.621
715,93.185,0.474
716,119.08,0.495
716,97.864,0.449
717,119.046,0.494
717,97.883,0.449
718,125.259,0.513
718,98.364,0.424
719,129.127,0.511
719,97.707,0.435
720,131.258,0.525
720,95.931,0.439
721,137.01,0.457
721,96.392,0.427
722,133.961,0.559
722,93.962,0.371
723,133.902,0.559
723,94.06,0.372
724,129.726,0.557
724,90.866,0.365
725,124.142,0.552
725,79.894,0.337
726,126.933,0.593
726,80.653,0.354
727,125.463,0.605
728,124.405,0.559
728,41.088,0.331
729,124.302,0.559
729,40.774,0.327
730,114.62,0.538
730,29.303,0.335
731,106.576,0.541
731,22.429,0.331
732,95.023,0.608
732,21.616,0.362
733,95.047,0.65
733,31.509,0.378
734,84.229,0.631
734,36.559,0.389
735,84.19,0.631
735,36.013,0.389
736,79.776,0.596
736,40.667,0.411
737,69.953,0.645
737,44.958,0.424
738,67.021,0.599
738,47.185,0.432
739,61.719,0.588
739,54.004,0.429
740,58.249,0.629
740,58.93,0.431
741,58.119,0.631
741,58.994,0.431
742,54.044,0.617
742,63.263,0.417
743,59.399,0.598
743,74.708,0.416
744,60.755,0.634
744,70.842,0.366
745,65.353,0.593
745,74.11,0.38
746,73.328,0.593
746,77.111,0.37
747,73.324,0.592
747,77.012,0.37
748,76.99,0.548
748,78.539,0.375
749,81.542,0.536
749,81.634,0.374
750,82.811,0.493
750,82.278,0.378
751,80.564,0.498
751,81.671,0.401
752,80.51,0.522
752,83.142,0.397
753,80.588,0.523
753,83.189,0.397
754,83.357,0.509
754,83.757,0.391
755,83.405,0.531
755,85.071,0.389
756,81.025,0.534
756,83.735,0.378
757,78.398,0.539
757,83.01,0.385
758,75.734,0.525
758,82.704,0.382
759,75.738,0.525
759,82.833,0.382
760,75.997,0.467
760,82.697,0.385
761,78.989,0.432
761,82.118,0.391
762,75.695,0.449
762,83.913,0.387
763,69.022,0.469
763,85.023,0.394
764,63.952,0.491
764,86.364,0.392
765,64.004,0.492
765,86.685,0.395
766,58.752,0.452
766,86.811,0.407
767,56.113,0.439
767,88.702,0.427
768,51.676,0.462
768,91.196,0.396
769,59.882,0.555
769,90.337,0.39
770,64.074,0.407
770,96.124,0.412
771,64.132,0.407
771,96.155,0.413
772,62.931,0.501
772,94.121,0.406
773,74.592,0.397
773,106.94,0.423
774,73.547,0.411
774,109.312,0.431
775,76.563,0.467
775,107.423,0.44
776,81.501,0.44
776,105.784,0.439
777,81.541,0.44
777,105.91,0.439
778,84.106,0.428
778,94.543,0.434
779,84.109,0.446
779,95.431,0.403
780,86.011,0.455
780,92.87,0.371
781,86.822,0.448
781,94.279,0.372
782,87.807,0.455
782,91.124,0.424
783,87.74,0.455
783,91.05,0.423
784,90.063,0.47
784,90.507,0.443
785,90.066,0.493
785,85.32,0.434
786,91.254,0.507
786,80.001,0.401
787,91.802,0.505
787,78.08,0.436
788,90.589,0.509
788,78.337,0.484
789,90.549,0.509
789,78.399,0.484
790,91.099,0.526
790,75.674,0.521
791,91.245,0.533
791,75.083,0.467
792,90.335,0.528
792,79.549,0.394
793,91.106,0.525
793,87.804,0.428
794,88.58,0.529
795,88.57,0.529
796,88.667,0.525
797,87.594,0.517
798,86.638,0.535
798,84.438,0.416
799,84.193,0.548
799,75.109,0.519
800,81.114,0.598
800,82.598,0.53
801,81.156,0.598
801,82.581,0.527
802,80.076,0.609
802,86.857,0.406
802,90.995,0.248
803,80.008,0.595
803,85.287,0.5
803,91.264,0.243
804,81.009,0.579
804,86.004,0.465
804,90.855,0.244
805,79.345,0.56
805,89.801,0.408
806,74.519,0.555
806,89.331,0.44
807,74.484,0.555
807,89.285,0.442
808,69.812,0.562
808,88.291,0.429
809,63.593,0.556
809,86.687,0.414
810,54.277,0.494
810,87.288,0.4
811,50.949,0.585
811,87.096,0.389
812,38.207,0.64
812,88.541,0.371
813,38.147,0.64
813,88.756,0.37
814,32.943,0.554
814,88.986,0.381
815,22.913,0.561
815,89.81,0.39
816,16.835,0.54
816,89.519,0.366
817,10.887,0.637
817,90.786,0.386
818,3.275,0.706
818,83.927,0.383
819,3.29,0.705
819,83.74,0.383
820,1.457,0.674
820,82.468,0.357
821,0.701,0.584
821,80.287,0.414
822,6.931,0.639
822,79.326,0.409
823,2.593,0.601
823,74.452,0.4
824,4.935,0.636
824,71.826,0.383
825,5.017,0.635
825,71.834,0.383
826,8.36,0.621
827,11.594,0.622
827,73.321,0.386
828,16.49,0.546
828,72.523,0.396
829,12.323,0.632
829,77.043,0.391
830,12.972,0.646
830,78.408,0.382
831,13.278,0.646
831,78.2,0.382
832,18.754,0.673
832,82.279,0.355
833,19.854,0.633
833,85.549,0.355
834,30.141,0.517
834,84.242,0.358
835,37.451,0.492
835,81.816,0.387
836,41.812,0.467
836,85.716,0.393
837,41.774,0.467
837,85.664,0.392
838,57.703,0.476
838,86.252,0.394
839,68.149,0.498
839,85.388,0.4
840,73.422,0.545
840,86.502,0.376
841,80.776,0.563
841,86.358,0.385
842,86.136,0.556
842,87.485,0.354
843,86.128,0.555
843,87.496,0.354
844,92.189,0.551
844,85.461,0.386
845,92.723,0.607
845,84.035,0.413
846,99.031,0.577
846,81.39,0.418
847,101.474,0.55
847,78.468,0.404
848,99.436,0.535
848,75.357,0.382
849,99.396,0.536
849,75.405,0.382
850,98.666,0.535
850,68.779,0.357
851,96.518,0.528
852,92.682,0.539
853,89.57,0.537
854,88.87,0.539
855,88.94,0.539
856,88.293,0.523
856,75.628,0.329
857,86.417,0.514
857,79.145,0.334
858,83.26,0.517
858,87.661,0.421
859,83.853,0.51
859,89.758,0.461
860,87.523,0.469
860,93.232,0.465
861,87.575,0.47
861,93.269,0.465
862,88.252,0.353
862,89.071,0.405
863,92.096,0.357
863,91.242,0.426
864,93.007,0.404
864,90.646,0.463
865,95.567,0.498
865,94.933,0.475
866,97.703,0.508
866,94.446,0.496
867,97.634,0.506
867,94.472,0.496
868,98.579,0.496
868,91.204,0.497
869,93.014,0.496
869,90.096,0.455
870,90.08,0.47
870,91.391,0.414
871,92.396,0.498
871,90.355,0.438
872,91.497,0.482
872,91.205,0.454
873,91.554,0.482
873,91.251,0.454
874,91.911,0.482
874,92.468,0.409
875,93.83,0.463
875,89.447,0.403
876,95.966,0.522
876,90.7,0.429
877,93.359,0.546
877,87.137,0.406
878,92.01,0.555
878,86.454,0.411
879,92.042,0.555
879,86.418,0.41
880,90.479,0.536
880,87.771,0.384
881,95.352,0.561
881,89.23,0.385
882,92.688,0.509
882,86.818,0.385
883,87.892,0.488
883,86.799,0.403
884,87.103,0.503
884,88.033,0.408
885,87.079,0.503
885,87.997,0.409
886,87.119,0.529
886,85.937,0.421
887,85.098,0.556
887,85.54,0.418
888,79.243,0.611
888,88.462,0.41
889,81.44,0.571
889,83.924,0.419
890,78.448,0.604
890,83.389,0.416
891,78.359,0.606
891,83.425,0.416
892,76.504,0.596
892,86.491,0.465
893,80.332,0.57
893,86.572,0.465
894,79.587,0.568
894,88.017,0.454
895,79.377,0.56
895,90.953,0.438
896,74.898,0.593
896,87.494,0.41
897,74.926,0.593
897,87.608,0.409
898,77.042,0.602
898,90.042,0.408
899,77.193,0.602
899,92.535,0.417
900,77.39,0.585
900,94.074,0.433
901,80.125,0.569
901,94.705,0.434
902,76.227,0.547
902,92.96,0.427
903,76.301,0.547
903,92.905,0.428
904,80.806,0.569
904,91.455,0.429
905,78.98,0.556
905,92.628,0.444
906,79.469,0.547
906,91.184,0.444
907,76.441,0.551
907,89.942,0.396
908,76.928,0.557
908,90.408,0.416
909,77.015,0.557
909,90.434,0.415
910,78.612,0.547
910,92.096,0.415
911,79.185,0.551
911,94.298,0.418
912,78.423,0.592
912,96.855,0.393
913,80.44,0.608
913,98.096,0.403
914,82.397,0.596
914,97.9,0.449
915,82.357,0.595
915,98.172,0.449
916,82.75,0.605
916,102.135,0.443
917,86.647,0.615
917,102.309,0.403
918,89.647,0.602
918,96.44,0.407
919,90.503,0.598
919,93.809,0.418
920,90.907,0.549
921,90.91,0.549
922,91.744,0.546
922,94.146,0.376
923,91.265,0.547
923,94.285,0.403
924,90.986,0.555
924,93.435,0.385
925,91.415,0.585
925,90.659,0.387
926,92.415,0.598
926,93.272,0.422
927,92.303,0.598
927,93.221,0.422
928,91.585,0.565
928,90.004,0.403
929,93.092,0.571
929,91.087,0.39
930,91.445,0.584
930,89.158,0.395
931,89.815,0.574
931,82.216,0.418
932,91.166,0.567
932,86.301,0.347
933,91.139,0.567
933,86.33,0.347
934,91.224,0.569
934,72.697,0.388
935,91.351,0.563
935,78.584,0.363
936,90.426,0.548
936,85.576,0.368
937,90.665,0.572
937,90.255,0.367
938,91.517,0.58
938,90.052,0.401
939,91.522,0.58
939,90.013,0.401
940,92.54,0.597
941,94.411,0.604
942,95.326,0.589
943,95.455,0.561
943,103.79,0.4
944,97.321,0.56
945,97.346,0.559
946,96.887,0.535
946,98.939,0.428
947,96.1,0.567
947,96.645,0.451
948,97.914,0.586
948,91.552,0.477
949,97.775,0.636
949,114.441,0.492
950,96.644,0.612
950,95.301,0.459
951,96.668,0.613
951,95.242,0.459
952,95.167,0.582
952,99.057,0.441
953,94.945,0.528
953,122.808,0.456
954,93.881,0.563
954,122.46,0.47
955,87.725,0.658
955,116.423,0.469
956,85.559,0.631
956,115.907,0.43
957,85.541,0.631
957,115.765,0.429
958,78.683,0.536
958,107.936,0.379
959,70.697,0.565
959,107.709,0.383
960,62.909,0.628
960,113.915,0.375
961,52.346,0.505
961,119.783,0.398
962,47.824,0.676
962,113.204,0.375
963,47.73,0.674
963,113.594,0.374
964,42.17,0.626
964,108.553,0.364
965,40.017,0.649
965,101.699,0.347
966,37.669,0.692
966,79.358,0.377
967,39.436,0.731
967,77.144,0.357
968,32.899,0.822
968,80.196,0.365
969,32.925,0.822
969,80.183,0.365
970,31.622,0.721
970,70.914,0.363
971,38.172,0.681
971,57.287,0.357
972,40.599,0.587
972,60.392,0.344
973,43.078,0.523
973,53.053,0.364
974,47.2,0.491
974,46.266,0.404
975,47.174,0.491
975,46.183,0.403
976,50.619,0.399
976,52.217,0.427
977,50.717,0.475
977,56.674,0.39
978,50.605,0.424
978,62.472,0.409
979,52.619,0.387
979,69.003,0.368
980,50.254,0.412
980,74.869,0.433
981,50.21,0.412
981,74.799,0.434
982,53.316,0.412
983,54.218,0.326
984,49.212,0.325
984,85.482,0.368
985,63.239,0.464
985,90.115,0.386
986,51.476,0.371
986,90.698,0.373
987,51.394,0.369
987,90.767,0.373
988,58.74,0.49
988,83.4,0.405
989,56.571,0.373
989,87.381,0.392
990,60.834,0.42
990,88.352,0.403
991,65.096,0.422
991,86.217,0.419
992,69.258,0.446
992,86.427,0.394
993,69.121,0.446
993,86.54,0.394
994,73.261,0.424
994,85.166,0.429
995,75.89,0.395
995,87.428,0.442
996,85.498,0.451
996,88.231,0.431
997,88.768,0.494
997,81.709,0.445
998,96.789,0.491
998,72.523,0.396
999,96.747,0.491
999,72.412,0.395
1000,101.442,0.485
1000,63.201,0.407
1001,105.789,0.502
1001,52.298,0.45
1002,108.806,0.544
1002,37.329,0.452
1003,108.785,0.52
1003,32.719,0.417
1004,114.696,0.555
1004,17.934,0.441
1005,114.665,0.557
1005,18.674,0.441
1006,113.744,0.599
1006,10.445,0.443
1007,115.376,0.586
1007,26.905,0.436
1008,119.88,0.585
1008,79.859,0.433
1009,127.542,0.612
1009,33.252,0.425
1010,120.772,0.549
1010,41.405,0.454
1011,120.71,0.548
1011,41.33,0.454
1012,117.182,0.542
1012,60.771,0.492
1013,117.538,0.562
1013,72.195,0.464
1014,115.581,0.566
1014,75.534,0.482
1015,112.823,0.535
1015,81.578,0.416
1016,110.707,0.512
1016,81.049,0.438
1017,110.733,0.513
1017,81.018,0.437
1018,106.805,0.503
1018,81.025,0.455
1019,104.738,0.508
1019,89.373,0.486
1020,102.315,0.533
1020,91.002,0.488
1021,102.177,0.567
1021,90.681,0.472
1022,102.706,0.591
1022,90.229,0.467
1023,102.676,0.592
1023,90.148,0.467
1024,98.005,0.591
1024,90.372,0.444
1025,100.158,0.615
1025,90.987,0.448
1026,101.665,0.598
1026,89.087,0.461
1027,102.166,0.622
1027,90.759,0.417
1028,106.095,0.628
1028,91.115,0.414
1029,106.153,0.627
1029,91.125,0.414
1030,104.874,0.608
1030,91.974,0.402
1031,96.74,0.536
1031,89.889,0.432
1032,92.141,0.515
1032,92.022,0.456
1033,99.349,0.529
1033,92.743,0.461
1034,94.067,0.531
1034,101.295,0.467
1035,94.035,0.531
1035,101.243,0.467
1036,92.134,0.534
1036,94.781,0.461
1037,90.354,0.567
1037,103.914,0.506
1038,88.68,0.621
1038,99.905,0.486
1039,93.231,0.574
1039,102.919,0.445
1040,93.201,0.585
1040,99.012,0.437
1041,93.21,0.585
1041,99.062,0.437
1042,92.743,0.56
1042,99.04,0.458
1043,96.169,0.532
1043,97.317,0.459
1044,97.823,0.471
1044,93.562,0.435
1045,96.831,0.528
1045,91.69,0.427
1046,99.318,0.565
1046,92.195,0.43
1047,99.392,0.566
1047,92.158,0.43
1048,97.714,0.517
1048,91.171,0.419
1049,100.382,0.526
1049,88.389,0.433
1050,106.295,0.573
1050,91.842,0.43
1051,109.293,0.595
1051,93.678,0.445
1052,104.085,0.557
1052,93.721,0.454
1053,104.096,0.557
1053,93.872,0.454
1054,99.17,0.494
1054,97.401,0.44
1055,96.228,0.496
1055,98.695,0.437
1056,95.747,0.501
1056,95.925,0.434
1057,95.318,0.52
1057,95.61,0.448
1058,94.004,0.55
1058,103.001,0.463
1059,93.872,0.55
1059,102.895,0.463
1060,99.302,0.574
1060,105.859,0.487
1061,102.3,0.588
1061,108.854,0.473
1062,100.517,0.534
1062,107.873,0.482
1063,100.445,0.576
1063,108.746,0.461
1064,95.906,0.494
1064,106.651,0.443
1065,95.889,0.494
1065,106.799,0.444
1066,95.401,0.558
1066,101.674,0.451
1067,91.948,0.593
1067,103.427,0.438
1068,91.067,0.592
1068,99.443,0.433
1069,89.603,0.594
1069,97.096,0.403
1070,89.187,0.598
1070,96.058,0.409
1071,89.235,0.599
1071,96.222,0.41
1072,89.091,0.612
1072,97.322,0.424
1073,90.061,0.545
1074,90.65,0.55
1074,94.211,0.417
1075,92.992,0.561
1075,91.898,0.409
1076,94.467,0.567
1076,92.222,0.397
1077,94.51,0.567
1077,92.274,0.397
1078,98.669,0.595
1078,92.062,0.396
1079,100.016,0.568
1080,99.685,0.57
1080,93.717,0.415
1081,99.972,0.544
1081,96.277,0.421
1082,99.644,0.569
1082,91.846,0.412
1083,99.656,0.569
1083,91.895,0.412
1084,99.289,0.561
1084,92.035,0.419
1085,96.492,0.571
1085,98.324,0.407
1086,95.651,0.554
1086,100.624,0.671
1087,95.394,0.553
1087,101.297,0.433
1088,95.448,0.538
1088,79.528,0.483
1089,95.476,0.538
1089,80.753,0.479
1090,94.045,0.535
1090,111.457,0.448
1091,94.51,0.54
1091,125.323,0.429
1092,95.165,0.564
1092,116.516,0.409
1093,95.027,0.575
1093,116.089,0.369
1094,94.564,0.56
1094,104.838,0.349
1095,94.528,0.561
1095,105.119,0.349
1096,94.329,0.509
1096,101.95,0.351
1097,94.288,0.498
1097,97.829,0.352
1098,93.032,0.514
1098,97.224,0.348
1099,89.241,0.513
1099,89.742,0.386
1100,86.894,0.551
1100,83.319,0.406
1101,86.821,0.55
1101,83.237,0.406
1102,82.939,0.616
1102,83.744,0.402
1103,81.343,0.594
1103,83.923,0.381
1104,78.035,0.578
1104,84.239,0.378
1105,77.492,0.553
1105,89.513,0.368
1106,77.258,0.571
1106,89.458,0.365
1107,77.207,0.571
1107,89.362,0.365
1108,76.803,0.562
1108,90.195,0.362
1109,77.553,0.533
1109,94.409,0.381
1110,81.404,0.515
1110,93.054,0.355
1111,83.108,0.508
1111,93.439,0.357
1112,85.26,0.524
1112,86.592,0.39
1113,85.428,0.523
1113,86.476,0.391
1114,87.619,0.587
1114,89.081,0.338
1115,88.864,0.559
1115,90.592,0.389
1116,88.636,0.59
1116,81.373,0.38
1117,90.2,0.607
1117,86.472,0.363
1118,91.603,0.621
1118,86.252,0.331
1119,91.743,0.621
1119,86.18,0.331
1120,93.241,0.622
1120,79.284,0.396
1121,92.947,0.579
1121,83.31,0.376
1122,90.19,0.54
1122,79.076,0.368
1123,90.326,0.56
1123,80.693,0.368
1124,88.519,0.563
1124,78.336,0.38
1125,88.504,0.572
1125,78.286,0.381
1126,84.376,0.593
1126,82.273,0.361
1127,83.359,0.663
1127,84.055,0.364
1128,82.788,0.599
1128,81.772,0.374
1129,84.963,0.591
1129,88.702,0.379
1130,86.421,0.572
1130,87.127,0.388
1131,86.457,0.571
1131,87.12,0.389
1132,76.545,0.614
1132,90.761,0.358
1133,74.965,0.623
1133,101.131,0.473
1134,72.109,0.649
1134,93.19,0.457
1135,70.805,0.669
1135,85.534,0.409
1136,68.434,0.634
1136,89.188,0.42
1137,68.318,0.634
1137,89.253,0.42
1138,71.07,0.619
1138,87.339,0.41
1139,71.0,0.639
1139,83.217,0.429
1140,75.412,0.606
1140,87.079,0.449
1141,76.886,0.603
1141,85.29,0.464
1142,78.294,0.591
1142,81.774,0.474
1143,78.325,0.592
1143,79.76,0.493
1144,81.116,0.597
1144,86.388,0.466
1145,85.97,0.597
1145,87.68,0.485
1146,87.337,0.596
1146,89.871,0.41
1147,89.874,0.599
1147,93.969,0.41
1148,90.337,0.574
1148,91.44,0.424
1149,90.356,0.574
1149,91.474,0.425
1150,91.529,0.548
1150,92.757,0.42
1151,91.842,0.537
1151,96.043,0.406
1152,93.291,0.557
1152,95.604,0.415
1153,93.498,0.589
1153,91.383,0.414
1154,93.251,0.611
1154,91.099,0.406
1155,93.231,0.611
1155,91.155,0.406
1156,93.172,0.585
1156,93.43,0.408
1157,92.855,0.623
1157,94.488,0.393
1158,92.074,0.56
1158,95.54,0.401
1159,91.828,0.549
1159,92.886,0.432
1160,90.066,0.581
1160,93.15,0.43
1161,90.099,0.581
1161,93.167,0.429
1162,89.053,0.582
1162,89.235,0.4
1163,91.297,0.547
1163,93.222,0.399
1164,88.356,0.548
1164,91.808,0.417
1165,89.256,0.547
1165,94.454,0.438
1166,89.373,0.546
1166,87.055,0.415
1167,89.359,0.547
1167,86.968,0.414
1168,87.83,0.563
1168,90.679,0.398
1169,85.825,0.556
1169,101.568,0.384
1170,85.27,0.553
1170,103.459,0.388
1171,86.027,0.549
1171,106.369,0.376
1172,85.771,0.538
1172,106.661,0.356
1173,85.723,0.538
1173,106.648,0.356
1174,87.102,0.533
1174,102.158,0.41
1175,86.16,0.527
1175,101.906,0.373
1176,85.916,0.514
1176,94.537,0.412
1177,86.441,0.526
1177,94.054,0.405
1178,87.678,0.549
1178,89.644,0.408
1179,87.693,0.55
1179,89.663,0.408
1180,89.884,0.585
1180,86.07,0.404
1181,93.303,0.597
1181,83.925,0.393
1182,96.203,0.65
1182,86.184,0.419
1183,100.072,0.61
1183,87.227,0.395
1184,103.25,0.578
1184,94.45,0.401
1185,103.235,0.578
1185,94.611,0.401
1186,107.186,0.545
1186,99.584,0.412
1187,114.112,0.533
1187,104.459,0.422
1188,115.792,0.54
1188,109.111,0.439
1189,113.424,0.544
1189,109.3,0.429
1190,115.065,0.558
1190,107.142,0.396
1191,115.021,0.558
1191,107.259,0.396
1192,116.291,0.601
1192,103.63,0.408
1193,118.331,0.594
1193,106.521,0.392
1194,121.459,0.601
1194,103.011,0.392
1195,123.148,0.652
1195,101.421,0.39
1196,120.057,0.641
1196,98.257,0.405
1197,120.027,0.64
1197,98.239,0.406
1198,120.587,0.611
1198,97.067,0.384
1199,122.314,0.555
1199,94.449,0.377
1200,125.82,0.602
1200,91.865,0.388
1201,131.394,0.554
1201,93.551,0.375
1202,140.289,0.559
1202,96.032,0.375
1203,140.277,0.559
1203,96.114,0.375
1204,143.458,0.548
1204,96.868,0.414
1205,149.706,0.54
1205,94.768,0.418
1206,145.761,0.543
1206,97.245,0.38
1207,142.531,0.535
1207,96.759,0.359
1208,141.747,0.489
1208,93.309,0.365
1209,141.772,0.487
1209,93.201,0.366
1210,139.649,0.458
1210,103.966,0.373
1211,132.973,0.444
1211,103.572,0.416
1212,128.351,0.444
1212,105.633,0.428
1213,132.365,0.489
1213,105.99,0.449
1214,126.138,0.486
1214,103.773,0.435
1215,126.141,0.487
1215,103.777,0.434
1216,114.094,0.427
1216,106.528,0.471
1217,111.558,0.436
1217,107.7,0.468
1218,107.791,0.445
1218,105.22,0.391
1219,104.525,0.445
1219,107.664,0.433
1220,100.106,0.447
1221,100.163,0.447
1222,98.913,0.469
1222,103.367,0.382
1223,96.924,0.458
1223,102.197,0.393
1224,96.092,0.497
1224,100.42,0.369
1225,95.243,0.501
1225,98.698,0.448
1226,93.691,0.495
1226,95.317,0.454
1227,93.628,0.496
1227,95.374,0.455
1228,93.25,0.474
1228,99.745,0.395
1229,91.399,0.448
1230,90.447,0.459
1230,95.849,0.519
1231,92.136,0.476
1231,99.627,0.386
1232,90.885,0.529
1232,102.601,0.421
1233,90.9,0.528
1233,102.732,0.422
1234,94.421,0.528
1234,104.235,0.422
1235,96.164,0.553
1235,96.148,0.427
1236,94.866,0.613
1236,101.18,0.406
1237,99.848,0.566
1237,91.701,0.514
1238,95.984,0.594
1238,114.802,0.387
1239,96.05,0.596
1239,115.318,0.385
1240,98.974,0.564
1240,113.969,0.357
1241,101.671,0.572
1241,112.492,0.369
1242,107.261,0.587
1242,134.958,0.356
1243,110.901,0.556
1243,120.65,0.39
1244,107.294,0.577
1244,117.065,0.396
1245,107.265,0.577
1245,117.234,0.396
1246,96.778,0.619
1246,117.779,0.379
1247,88.699,0.557
1247,115.514,0.38
1248,84.36,0.616
1248,109.631,0.411
1249,76.434,0.505
1249,89.765,0.402
1250,71.391,0.539
1250,94.349,0.394
1251,71.396,0.54
1251,94.387,0.395
1252,68.836,0.532
1252,86.982,0.351
1253,64.798,0.486
1253,84.621,0.346
1254,65.149,0.522
1254,86.661,0.351
1255,63.633,0.537
1255,68.334,0.382
1256,65.199,0.579
1256,62.323,0.332
1257,65.259,0.58
1257,62.26,0.333
1258,61.496,0.614
1258,69.695,0.375
1259,67.907,0.647
1259,74.251,0.398
1260,57.881,0.654
1260,79.646,0.416
1261,56.13,0.657
1261,86.047,0.43
1262,56.616,0.668
1262,88.368,0.408
1263,56.575,0.667
1263,88.221,0.407
1264,56.975,0.647
1264,91.571,0.417
1265,57.771,0.639
1265,88.816,0.394
1266,61.369,0.642
1266,94.761,0.366
1267,61.021,0.584
1267,88.542,0.406
1268,67.022,0.573
1268,90.052,0.465
1269,67.007,0.572
1269,89.987,0.466
1270,74.905,0.572
1270,90.493,0.476
1271,79.128,0.551
1271,88.997,0.461
1272,81.346,0.536
1272,87.647,0.466
1273,82.634,0.528
1273,84.619,0.437
1274,84.612,0.542
1274,76.4,0.42
1275,84.585,0.541
1275,76.549,0.421
1276,87.074,0.562
1276,74.059,0.448
1277,90.63,0.561
1277,67.18,0.378
1278,89.894,0.56
1278,61.561,0.405
1279,90.889,0.558
1279,60.259,0.449
1280,89.708,0.565
1280,62.563,0.439
1281,89.698,0.565
1281,62.611,0.439
1282,92.565,0.562
1282,65.159,0.455
1283,95.342,0.558
1283,66.254,0.447
1284,95.873,0.537
1284,69.29,0.439
1285,97.993,0.545
1285,68.456,0.451
1286,96.785,0.503
1286,71.577,0.444
1287,96.696,0.503
1287,71.551,0.444
1288,96.467,0.516
1288,77.179,0.421
1289,97.25,0.543
1289,80.336,0.436
1290,97.04,0.561
1290,83.266,0.435
1291,97.524,0.565
1291,85.224,0.419
1292,97.468,0.559
1292,85.381,0.432
1293,97.414,0.559
1293,85.324,0.433
1294,98.455,0.581
1294,90.646,0.414
1295,102.538,0.6
1295,90.773,0.416
1296,105.74,0.658
1296,93.144,0.455
1297,105.609,0.646
1297,92.536,0.43
1298,107.114,0.651
1298,93.379,0.451
1299,107.035,0.65
1299,93.478,0.452
1300,105.029,0.616
1300,96.133,0.409
1301,101.444,0.592
1301,94.351,0.427
1302,100.585,0.562
1302,91.047,0.424
1303,97.543,0.606
1303,91.962,0.421
1304,95.09,0.62
1304,91.83,0.409
1304,95.644,0.563
1305,95.049,0.62
1305,91.966,0.408
1305,95.695,0.563
1306,97.111,0.568
1306,93.647,0.39
1306,95.636,0.559
1307,90.624,0.599
1307,98.258,0.427
1307,93.33,0.535
1308,91.264,0.54
1308,95.415,0.379
1308,92.758,0.521
1309,90.417,0.55
1309,100.156,0.472
1309,90.427,0.529
1310,84.488,0.572
1310,95.108,0.455
1311,84.327,0.571
1311,95.242,0.455
1312,85.377,0.547
1312,94.369,0.414
1313,83.901,0.553
1313,95.261,0.412
1314,85.493,0.556
1314,97.52,0.4
1315,86.429,0.525
1315,102.622,0.428
1316,81.925,0.52
1316,99.176,0.393
1317,81.946,0.52
1317,99.33,0.392
1318,82.963,0.525
1318,102.772,0.416
1319,84.364,0.539
1319,100.963,0.391
1320,83.204,0.534
1320,99.049,0.425
1321,87.002,0.537
1321,100.655,0.411
1322,87.989,0.562
1322,97.545,0.411
1323,87.909,0.564
1323,97.588,0.412
1324,89.368,0.565
1324,95.342,0.45
1325,89.441,0.562
1325,92.907,0.452
1326,92.367,0.561
1326,90.349,0.383
1327,92.25,0.542
1327,90.481,0.36
1328,94.132,0.53
1328,91.167,0.409
1329,94.121,0.529
1329,91.179,0.409
1330,92.153,0.555
1330,89.466,0.402
1331,91.258,0.567
1331,94.294,0.402
1332,91.979,0.561
1332,92.333,0.477
1333,90.714,0.583
1333,88.871,0.464
1334,89.561,0.579
1334,89.549,0.39
1335,89.576,0.578
1335,89.501,0.392
1336,91.262,0.58
1336,92.436,0.4
1337,91.585,0.582
1337,86.985,0.436
1337,84.486,0.239
1338,90.753,0.586
1338,92.52,0.399
1339,90.193,0.617
1339,90.22,0.383
1340,88.797,0.607
1340,93.939,0.434
1340,84.269,0.236
1341,88.768,0.607
1341,93.873,0.435
1341,84.247,0.236
1342,88.375,0.555
1342,95.08,0.433
1343,87.956,0.616
1343,93.106,0.44
1344,87.236,0.612
1344,93.393,0.396
1345,87.022,0.55
1345,86.746,0.418
1345,84.042,0.238
1346,85.964,0.569
1346,94.194,0.415
1347,85.99,0.569
1347,94.285,0.415
1348,84.221,0.588
1348,93.667,0.417
1349,85.439,0.582
1349,98.324,0.364
1350,85.803,0.583
1350,95.62,0.418
1351,85.238,0.597
1351,93.538,0.394
1352,86.02,0.561
1352,94.028,0.44
1352,84.563,0.242
1353,86.051,0.562
1353,94.076,0.44
1353,84.548,0.242
1354,87.31,0.604
1354,94.856,0.382
1354,84.615,0.243
1355,87.163,0.558
1355,93.903,0.397
1356,89.756,0.577
1356,88.127,0.418
1357,92.361,0.625
1357,85.624,0.412
1357,84.821,0.241
1358,97.008,0.608
1358,82.278,0.394
1359,96.974,0.607
1359,82.179,0.394
1360,97.98,0.596
1360,82.311,0.396
1361,100.728,0.577
1361,77.364,0.406
1362,103.585,0.573
1362,82.819,0.38
1363,105.168,0.556
1363,86.884,0.389
1364,105.163,0.543
1364,88.468,0.42
1365,105.131,0.543
1365,88.544,0.421
1366,106.34,0.542
1366,92.181,0.413
1367,107.819,0.558
1367,96.577,0.416
1368,115.409,0.572
1368,97.443,0.408
1369,113.261,0.569
1369,94.958,0.367
1370,115.2,0.551
1370,100.352,0.41
1371,115.069,0.551
1371,100.327,0.411
1372,113.954,0.623
1372,101.257,0.37
1373,112.981,0.636
1373,100.536,0.362
1374,107.691,0.594
1374,98.62,0.381
1375,112.091,0.571
1375,100.964,0.404
1376,117.626,0.584
1376,101.318,0.412
1377,117.735,0.585
1377,101.287,0.413
1378,121.881,0.629
1378,101.366,0.413
1379,123.003,0.542
1379,97.61,0.407
1380,131.724,0.504
1380,99.256,0.381
1381,134.488,0.476
1381,102.906,0.368
1382,135.102,0.476
1382,106.572,0.365
1383,135.068,0.477
1383,106.423,0.365
1384,135.342,0.484
1384,103.406,0.427
1385,137.781,0.498
1385,101.094,0.425
1386,140.594,0.491
1386,97.042,0.384
1387,138.568,0.511
1387,93.048,0.411
1388,131.719,0.523
1388,102.841,0.408
1389,131.728,0.524
1389,102.915,0.409
1390,121.683,0.467
1390,100.144,0.401
1391,123.93,0.487
1391,99.759,0.379
1392,116.569,0.462
1392,101.725,0.397
1393,114.156,0.492
1393,109.252,0.391
1394,112.548,0.505
1394,105.652,0.466
1395,112.452,0.504
1395,105.667,0.466
1396,109.809,0.512
1396,110.978,0.362
1397,107.277,0.502
1397,107.775,0.42
1398,103.241,0.501
1398,109.378,0.418
1399,101.303,0.498
1399,106.647,0.394
1400,99.013,0.505
1401,99.002,0.505
1402,98.346,0.502
1403,98.666,0.506
1403,100.252,0.361
1404,95.035,0.513
1404,99.935,0.395
1405,94.664,0.491
1405,98.055,0.456
1406,91.232,0.503
1407,91.253,0.503
1408,90.708,0.52
1408,98.807,0.437
1409,89.629,0.544
1409,98.833,0.403
1410,92.999,0.53
1410,96.583,0.445
1411,95.768,0.528
1411,85.996,0.452
1412,93.764,0.555
1412,107.24,0.461
1413,93.784,0.555
1413,107.517,0.458
1414,93.524,0.551
1414,86.733,0.512
1415,91.494,0.64
1415,79.911,0.402
1416,88.359,0.623
1416,92.741,0.391
1417,92.429,0.531
1417,82.397,0.349
1418,94.627,0.571
1418,119.696,0.364
1419,94.638,0.572
1419,119.524,0.364
1420,101.774,0.62
1420,115.172,0.336
1421,108.64,0.586
1421,118.727,0.375
1422,121.979,0.555
1422,112.911,0.364
1423,136.611,0.523
1423,112.112,0.343
1424,141.25,0.51
1424,112.425,0.36
1425,141.209,0.51
1425,112.536,0.36
1426,147.162,0.513
1426,102.249,0.347
1427,149.795,0.466
1427,103.823,0.35
1428,154.624,0.454
1428,104.342,0.387
1429,150.1,0.452
1429,97.17,0.368
1430,158.171,0.48
1430,87.635,0.371
1431,157.918,0.48
1431,87.568,0.371
1432,164.927,0.563
1432,81.11,0.361
1433,168.822,0.579
1433,72.367,0.351
1434,177.064,0.575
1434,68.746,0.344
1435,179.416,0.454
1435,75.138,0.378
1436,4.44,0.528
1436,74.648,0.4
1437,4.473,0.528
1437,74.584,0.399
1438,165.615,0.503
1438,84.949,0.364
1439,167.66,0.536
1439,80.276,0.367
1440,164.425,0.549
1440,85.436,0.328
1441,153.591,0.554
1441,91.155,0.32
1442,144.341,0.593
1442,91.816,0.341
1443,144.287,0.595
1443,91.842,0.341
1444,133.049,0.578
1445,124.254,0.549
1445,93.822,0.357
1446,115.97,0.547
1446,94.775,0.358
1447,106.196,0.522
1448,103.917,0.519
1449,103.861,0.519
1450,100.741,0.54
1450,104.391,0.356
1451,106.4,0.538
1451,102.146,0.369
1452,108.747,0.568
1452,109.283,0.39
1453,109.715,0.519
1453,105.553,0.413
1454,106.606,0.512
1454,102.93,0.382
1455,106.707,0.512
1455,102.881,0.382
1456,107.914,0.538
1456,102.943,0.384
1457,103.27,0.54
1458,102.393,0.535
1458,106.772,0.395
1459,101.191,0.539
1459,106.627,0.392
1460,102.072,0.555
1460,110.61,0.363
1461,101.98,0.555
1461,110.402,0.363
1462,101.502,0.554
1462,114.468,0.372
1463,102.182,0.574
1463,114.595,0.354
1464,99.806,0.568
1464,107.996,0.368
1465,99.467,0.542
1465,108.84,0.388
1466,99.9,0.534
1466,105.548,0.37
1467,99.933,0.534
1467,105.665,0.369
1468,100.308,0.504
1468,100.801,0.36
1469,100.421,0.509
1469,109.379,0.437
1470,100.589,0.514
1470,101.374,0.434
1471,99.133,0.527
1471,92.536,0.406
1472,94.928,0.588
1472,89.383,0.392
1473,94.906,0.587
1473,89.162,0.391
1474,93.972,0.605
1474,89.453,0.418
1475,91.655,0.586
1475,89.45,0.4
1476,88.233,0.574
1476,93.649,0.408
1477,85.634,0.529
1477,94.185,0.44
1478,81.05,0.495
1478,91.934,0.454
1479,81.001,0.494
1479,91.978,0.453
1480,82.338,0.523
1480,90.543,0.422
1481,79.834,0.55
1481,89.646,0.45
1482,80.828,0.55
1482,89.046,0.453
1483,80.801,0.54
1483,89.772,0.455
1484,81.951,0.546
1484,91.237,0.436
1485,81.942,0.546
1485,91.186,0.436
1486,83.979,0.535
1486,88.18,0.442
1487,84.828,0.573
1487,89.527,0.445
1488,85.137,0.571
1488,89.364,0.427
1489,89.186,0.585
1489,87.858,0.436
1490,86.897,0.608
1490,85.913,0.452
1491,86.917,0.607
1491,85.99,0.451
1492,86.565,0.634
1492,84.234,0.456
1493,88.502,0.651
1493,84.181,0.438
1494,87.962,0.719
1494,86.376,0.448
1495,89.157,0.623
1495,82.166,0.466
1496,87.428,0.529
1496,84.573,0.46
1497,87.369,0.527
1497,84.531,0.46
1498,86.164,0.56
1498,84.489,0.448
1499,88.52,0.513
1499,86.277,0.448
1500,85.703,0.654
1500,87.737,0.445
1501,84.305,0.622
1501,89.739,0.453
1502,79.004,0.702
1502,92.477,0.456
1503,78.944,0.702
1503,92.47,0.456
1504,82.51,0.63
1504,93.149,0.448
1505,84.627,0.612
1505,95.018,0.476
1506,75.846,0.655
1506,93.492,0.436
1507,72.417,0.67
1507,92.383,0.421
1508,73.943,0.656
1508,89.522,0.436
1509,73.993,0.657
1509,89.459,0.437
1510,73.595,0.652
1510,88.168,0.434
1511,71.593,0.595
1511,88.058,0.422
1512,73.133,0.577
1512,85.548,0.446
1513,75.291,0.584
1513,83.856,0.466
1514,77.155,0.574
1514,85.242,0.484
1515,77.167,0.573
1515,85.04,0.485
1516,81.134,0.573
1516,79.842,0.492
1517,83.039,0.577
1517,87.041,0.437
1518,86.102,0.575
1518,87.902,0.431
1519,87.338,0.564
1519,86.385,0.509
1520,89.137,0.556
1520,92.737,0.426
1521,89.123,0.556
1521,92.823,0.426
1522,89.925,0.607
1522,94.592,0.478
1523,91.086,0.608
1523,90.214,0.478
1524,91.632,0.597
1524,93.068,0.413
1525,93.372,0.598
1525,95.531,0.417
1526,92.688,0.613
1526,95.836,0.416
1527,92.63,0.613
1527,95.987,0.416
1528,93.433,0.607
1528,96.978,0.41
1529,94.577,0.61
1529,97.751,0.409
1530,94.554,0.61
1530,94.83,0.506
1531,93.084,0.588
1531,94.689,0.419
1531,93.817,0.408
1532,93.832,0.565
1532,96.546,0.425
1533,93.765,0.564
1533,96.473,0.425
1534,90.49,0.539
1534,96.008,0.475
1535,88.886,0.563
1535,97.15,0.467
1536,87.89,0.56
1536,95.402,0.459
1537,89.01,0.558
1537,99.577,0.455
1538,87.634,0.567
1538,97.382,0.432
1539,87.608,0.567
1539,97.391,0.431
1540,87.524,0.564
1540,87.654,0.427
1541,87.17,0.556
1541,85.939,0.434
1542,88.733,0.559
1542,102.2,0.378
1543,87.483,0.534
1543,99.851,0.36
1544,87.487,0.528
1544,101.089,0.395
1545,87.475,0.529
1545,101.218,0.395
1546,89.418,0.552
1546,99.144,0.365
1547,90.068,0.556
1547,101.029,0.396
1548,88.958,0.526
1548,101.359,0.395
1549,86.617,0.541
1549,96.1,0.396
1550,86.21,0.612
1550,91.606,0.417
1551,86.126,0.613
1551,91.571,0.417
1552,87.456,0.602
1552,90.747,0.393
1553,87.349,0.633
1553,89.18,0.389
1554,86.694,0.546
1554,84.494,0.356
1555,85.422,0.495
1555,87.932,0.328
1556,83.094,0.483
1556,88.007,0.362
1557,83.173,0.482
1557,88.131,0.362
1558,82.658,0.497
1558,88.128,0.351
1559,79.595,0.514
1559,86.61,0.339
1560,81.446,0.504
1560,87.659,0.352
1561,83.721,0.469
1561,88.609,0.367
1562,83.449,0.472
1562,92.456,0.352
1563,83.469,0.471
1563,92.472,0.352
1564,83.483,0.469
1564,92.769,0.365
1565,83.863,0.523
1565,92.799,0.365
1566,83.289,0.563
1566,92.17,0.329
1567,84.718,0.537
1567,92.223,0.367
1568,84.289,0.559
1568,88.134,0.39
1569,84.251,0.56
1569,88.16,0.39
1570,84.468,0.547
1570,91.009,0.38
1571,83.919,0.561
1571,91.155,0.389
1572,85.378,0.561
1572,89.758,0.397
1573,85.299,0.591
1573,89.676,0.377
1574,86.108,0.607
1574,90.36,0.38
1575,86.101,0.608
1575,90.238,0.381
1576,84.926,0.586
1576,88.558,0.382
1577,82.14,0.629
1577,87.621,0.358
1578,84.75,0.595
1578,84.392,0.352
1579,81.301,0.585
1579,85.967,0.317
1580,80.584,0.53
1580,83.928,0.344
1581,80.441,0.528
1581,83.848,0.343
1582,78.755,0.572
1582,79.168,0.39
1583,72.0,0.568
1583,78.684,0.391
1584,73.976,0.544
1584,82.399,0.349
1585,71.623,0.558
1585,83.11,0.375
1586,66.202,0.574
1586,84.557,0.401
1587,66.328,0.573
1587,84.506,0.401
1588,69.834,0.544
1588,85.664,0.366
1589,71.789,0.508
1589,86.7,0.38
1590,69.07,0.553
1590,90.881,0.47
1591,74.132,0.574
1591,92.093,0.46
1592,72.109,0.597
1592,93.357,0.462
1593,72.014,0.598
1593,93.476,0.462
1594,73.578,0.613
1594,93.095,0.451
1595,74.917,0.632
1595,89.901,0.45
1596,76.88,0.635
1596,82.403,0.422
1597,79.972,0.629
1597,78.541,0.421
1598,84.827,0.585
1598,78.586,0.449
1599,84.866,0.585
1599,78.65,0.45
1600,82.178,0.618
1600,74.2,0.483
1601,82.225,0.609
1601,72.661,0.458
1602,82.0,0.587
1602,76.474,0.443
1603,81.404,0.581
1603,76.859,0.491
1604,87.29,0.594
1604,85.347,0.395
1605,87.309,0.594
1605,85.318,0.396
1606,89.65,0.614
1606,85.934,0.395
1607,90.621,0.627
1607,85.485,0.408
1608,90.886,0.649
1608,87.044,0.412
1609,93.781,0.698
1609,84.301,0.465
1610,92.558,0.635
1610,86.966,0.429
1611,92.512,0.635
1611,86.851,0.43
1612,93.175,0.609
1612,87.329,0.402
1613,94.774,0.583
1613,89.798,0.4
1614,94.755,0.607
1614,88.822,0.4
1615,94.393,0.601
1615,91.986,0.414
1616,93.685,0.597
1616,92.778,0.415
1617,93.665,0.597
1617,92.815,0.416
1618,93.575,0.597
1618,94.291,0.401
1619,92.167,0.58
1619,87.978,0.397
1620,91.543,0.562
1620,91.092,0.428
1621,90.967,0.572
1621,91.669,0.424
1622,88.214,0.558
1623,88.196,0.556
1624,86.899,0.562
1625,86.25,0.554
1626,86.254,0.529
1626,95.375,0.422
1627,87.441,0.535
1628,89.16,0.59
1628,99.125,0.423
1629,89.133,0.592
1629,99.312,0.422
1630,88.51,0.671
1630,102.426,0.423
1631,86.335,0.614
1631,103.123,0.396
1632,82.776,0.541
1632,98.915,0.418
1633,80.336,0.541
1633,101.976,0.397
1634,90.122,0.675
1634,96.744,0.358
1635,90.155,0.675
1635,96.734,0.357
1636,93.504,0.646
1636,96.904,0.355
1637,96.834,0.593
1637,96.913,0.36
1638,109.185,0.584
1638,93.391,0.371
1639,113.129,0.486
1639,100.197,0.419
1640,124.542,0.497
1640,104.822,0.44
1641,124.604,0.496
1641,104.969,0.44
1642,134.318,0.566
1642,105.809,0.463
1643,133.101,0.56
1643,106.572,0.427
1644,139.367,0.692
1644,107.836,0.39
1645,136.891,0.689
1645,107.591,0.345
1646,142.538,0.727
1646,110.742,0.295
1647,142.611,0.727
1647,110.448,0.296
1648,142.24,0.803
1648,122.223,0.354
1649,146.394,0.752
1649,116.659,0.326
1650,147.25,0.794
1650,131.274,0.381
1651,145.959,0.764
1651,126.016,0.379
1652,150.617,0.722
1652,116.91,0.411
1653,150.584,0.719
1653,116.755,0.411
1654,153.712,0.78
1654,118.16,0.409
1655,156.43,0.872
1655,118.887,0.378
1656,151.051,0.77
1656,107.265,0.361
1657,152.587,0.733
1657,97.571,0.334
1658,155.464,0.802
1659,155.602,0.802
1660,167.37,0.69
1660,94.946,0.31
1661,167.427,0.703
1662,164.194,0.65
1662,107.094,0.446
1663,152.127,0.777
1663,110.487,0.419
1664,160.632,0.858
1664,108.173,0.47
1665,160.614,0.857
1665,108.149,0.469
1666,164.493,0.736
1666,96.711,0.407
1667,161.892,0.663
1667,93.868,0.397
1668,153.671,0.629
1668,97.349,0.419
1669,151.813,0.567
1669,105.228,0.413
1670,150.666,0.542
1670,102.782,0.403
1671,150.76,0.544
1671,102.697,0.403
1672,146.841,0.509
1672,100.281,0.459
1673,139.602,0.687
1673,108.536,0.522
1674,148.098,0.635
1674,104.636,0.437
1675,146.009,0.658
1675,112.616,0.42
1676,143.302,0.685
1676,106.988,0.352
1677,143.226,0.684
1677,107.032,0.352
1678,162.561,0.546
1678,119.321,0.325
1678,144.399,0.413
1679,165.466,0.475
1679,129.421,0.311
1680,158.782,0.479
1680,142.54,0.277
1681,167.011,0.437
1681,150.186,0.362
1682,156.637,0.458
1683,156.693,0.459
1684,150.018,0.421
1684,173.056,0.312
1685,140.876,0.373
1685,132.494,0.271
1686,140.547,0.414
1686,82.432,0.329
1687,131.018,0.465
1687,140.796,0.327
1688,121.018,0.447
1688,139.953,0.356
1689,120.95,0.446
1689,139.032,0.355
1690,107.242,0.412
1690,12.672,0.359
1691,99.604,0.418
1691,71.42,0.372
1692,95.111,0.454
1692,134.899,0.358
1693,93.412,0.482
1694,92.662,0.502
1695,92.662,0.501
1696,89.932,0.525
1696,112.143,0.396
1697,88.384,0.543
1697,121.634,0.395
1698,86.483,0.557
1698,119.494,0.429
1699,83.811,0.559
1699,117.89,0.453
1700,81.017,0.593
1700,105.289,0.397
1701,81.075,0.593
1701,105.11,0.397
1702,79.365,0.619
1702,103.18,0.441
1703,80.594,0.579
1703,99.331,0.456
1704,81.231,0.595
1704,92.651,0.457
1705,78.915,0.588
1705,92.246,0.462
1706,79.783,0.59
1706,91.875,0.47
1707,79.83,0.59
1707,91.866,0.47
1708,81.238,0.595
1708,91.509,0.459
1709,82.667,0.587
1709,90.368,0.454
1710,82.729,0.595
1710,86.086,0.436
1711,83.354,0.622
1711,88.314,0.427
1712,85.568,0.627
1712,85.48,0.428
1713,85.537,0.627
1713,85.298,0.429
1714,85.042,0.636
1714,77.672,0.46
1715,85.083,0.631
1715,78.944,0.477
1716,83.367,0.589
1716,73.531,0.486
1717,81.517,0.587
1717,71.731,0.467
1718,87.628,0.581
1718,70.162,0.493
1719,87.587,0.58
1719,70.185,0.493
1720,89.984,0.595
1720,69.994,0.495
1721,89.833,0.582
1721,72.476,0.494
1722,90.948,0.57
1722,72.956,0.467
1723,74.174,0.439
1723,88.147,0.571
1724,88.835,0.581
1724,77.982,0.426
1725,88.739,0.581
1725,78.1,0.426
1726,89.782,0.577
1726,81.777,0.447
1727,81.255,0.59
1727,81.953,0.446
1728,84.443,0.526
1728,85.809,0.448
1729,82.729,0.549
1729,88.541,0.411
1730,81.573,0.566
1730,88.092,0.429
1731,81.523,0.566
1731,88.126,0.43
1732,75.09,0.546
1732,90.036,0.417
1733,77.837,0.569
1733,88.246,0.442
1734,77.555,0.536
1734,87.682,0.439
1735,79.981,0.573
1735,90.069,0.485
1736,79.359,0.612
1736,90.619,0.481
1737,79.364,0.612
1737,90.626,0.48
1738,77.406,0.644
1738,94.263,0.434
1739,81.603,0.607
1739,87.699,0.457
1740,80.202,0.605
1740,86.356,0.456
1741,79.978,0.621
1741,85.158,0.473
1742,80.087,0.62
1742,86.841,0.428
1743,80.129,0.62
1743,86.83,0.428
1744,80.646,0.622
1744,85.115,0.461
1745,83.238,0.605
1745,88.392,0.455
1746,85.076,0.609
1746,86.847,0.421
1747,85.759,0.608
1747,83.044,0.422
1748,87.051,0.627
1748,84.909,0.425
1749,87.063,0.626
1749,84.884,0.425
1750,88.816,0.619
1750,89.313,0.417
1751,89.16,0.619
1751,86.524,0.433
1752,89.431,0.615
1752,84.271,0.497
1753,89.376,0.608
1753,87.643,0.39
1754,89.278,0.587
1754,90.863,0.451
1755,89.266,0.587
1755,90.929,0.45
1756,89.038,0.584
1756,82.232,0.45
1757,87.557,0.61
1757,79.685,0.434
1758,86.082,0.6
1759,87.484,0.626
1759,83.079,0.418
1760,87.322,0.622
1760,85.093,0.447
1761,87.279,0.622
1761,85.059,0.447
1762,88.397,0.587
1762,84.539,0.465
1763,87.811,0.544
1763,89.255,0.45
1764,87.973,0.572
1764,94.021,0.482
1765,85.363,0.572
1765,90.455,0.418
1766,83.374,0.554
1766,89.96,0.437
1767,83.365,0.555
1767,90.029,0.436
1768,81.131,0.534
1768,90.129,0.419
1769,81.562,0.536
1769,86.839,0.406
1770,82.01,0.558
1770,88.277,0.475
1771,80.809,0.558
1771,99.227,0.416
1772,79.645,0.547
1772,104.863,0.43
1773,79.603,0.548
1773,105.056,0.431
1774,78.708,0.583
1774,101.161,0.404
1775,78.702,0.601
1775,108.882,0.428
1776,77.964,0.578
1776,109.057,0.434
1777,73.335,0.53
1777,111.408,0.441
1778,67.524,0.495
1778,114.831,0.502
1779,67.65,0.493
1779,114.788,0.503
1780,58.607,0.473
1780,121.018,0.497
1781,57.83,0.486
1781,123.17,0.432
1782,50.38,0.511
1782,127.213,0.483
1783,43.498,0.555
1783,113.721,0.401
1784,40.266,0.536
1784,115.183,0.392
1785,40.309,0.536
1785,114.973,0.391
1786,33.189,0.571
1786,115.202,0.374
1787,32.587,0.547
1787,109.831,0.38
1788,27.684,0.581
1788,107.845,0.389
1789,24.504,0.598
1789,105.559,0.378
1790,24.816,0.59
1790,100.813,0.391
1791,24.686,0.591
1791,100.686,0.391
1792,28.562,0.55
1792,98.604,0.37
1793,33.381,0.595
1793,91.381,0.323
1794,36.74,0.598
1794,82.834,0.28
1795,36.884,0.572
1796,40.813,0.571
1796,92.644,0.388
1797,40.836,0.572
1797,92.865,0.388
1798,41.277,0.565
1798,110.854,0.414
1799,48.94,0.546
1799,106.671,0.432
1800,56.815,0.536
1800,109.482,0.433
1801,65.302,0.523
1801,111.59,0.474
1802,70.381,0.525
1802,112.854,0.44
1803,70.427,0.525
1803,112.718,0.441
1804,78.307,0.506
1804,110.36,0.478
1805,79.611,0.528
1805,107.889,0.462
1806,86.232,0.543
1806,107.167,0.408
1807,89.615,0.56
1807,105.615,0.464
1808,91.535,0.536
1808,111.274,0.459
1809,91.502,0.536
1809,111.154,0.459
1810,93.049,0.559
1810,104.716,0.462
1811,95.805,0.523
1811,112.206,0.472
1812,98.124,0.505
1812,114.739,0.485
1813,99.956,0.556
1813,117.749,0.451
1814,102.914,0.586
1814,130.95,0.385
1815,102.901,0.585
1815,130.999,0.385
1816,105.714,0.601
1816,131.836,0.422
1817,104.792,0.568
1817,132.895,0.406
1818,105.491,0.571
1818,134.595,0.47
1819,105.672,0.559
1819,140.253,0.445
1820,149.209,0.459
1820,106.08,0.569
1821,149.317,0.458
1821,106.106,0.569
1822,107.878,0.613
1822,155.254,0.466
1823,104.252,0.548
1823,141.272,0.446
1824,103.873,0.53
1824,151.821,0.467
1825,104.089,0.544
1825,148.813,0.435
1826,103.522,0.548
1826,135.707,0.412
1827,103.462,0.549
1827,135.769,0.412
1828,99.348,0.548
1828,133.054,0.429
1829,101.101,0.562
1829,127.728,0.438
1830,100.869,0.55
1830,116.464,0.437
1831,104.689,0.564
1831,110.726,0.451
1832,105.569,0.576
1832,103.185,0.424
1833,105.515,0.576
1833,103.087,0.422
1834,109.288,0.547
1834,98.178,0.427
1835,112.023,0.55
1835,93.603,0.436
1836,116.412,0.546
1836,89.136,0.431
1837,115.437,0.561
1837,90.2,0.448
1838,113.111,0.6
1838,90.407,0.458
1839,113.116,0.6
1839,90.374,0.459
1840,112.998,0.559
1840,87.354,0.469
1841,110.935,0.547
1841,88.822,0.462
1842,103.982,0.538
1842,89.743,0.447
1843,109.647,0.575
1843,89.383,0.453
1844,112.655,0.577
1844,89.978,0.455
1845,112.8,0.577
1845,90.004,0.455
1846,116.259,0.603
1846,90.399,0.435
1847,116.16,0.607
1847,89.767,0.438
1848,114.125,0.588
1848,90.196,0.435
1849,109.507,0.572
1849,88.943,0.416
1850,108.193,0.56
1850,88.403,0.422
1851,108.292,0.56
1851,88.395,0.422
1852,103.809,0.55
1852,87.992,0.41
1853,103.452,0.527
1853,88.921,0.41
1854,99.641,0.54
1854,88.706,0.43
1855,98.248,0.556
1855,93.632,0.433
1856,98.098,0.603
1856,93.986,0.434
1857,98.074,0.602
1857,93.944,0.434
1858,97.666,0.583
1858,95.003,0.434
1859,97.508,0.572
1859,94.179,0.449
1860,98.559,0.542
1860,95.601,0.439
1861,98.271,0.564
1861,96.835,0.441
1862,98.138,0.562
1862,102.425,0.396
1863,98.148,0.562
1863,102.575,0.396
1864,94.053,0.575
1864,104.776,0.45
1865,96.129,0.588
1865,107.785,0.475
1866,94.468,0.59
1866,106.621,0.476
1867,91.63,0.575
1867,108.81,0.44
1868,90.859,0.587
1868,107.466,0.435
1869,90.839,0.586
1869,107.422,0.435
1870,90.04,0.603
1870,105.579,0.451
1871,89.349,0.611
1871,103.791,0.441
1872,89.867,0.612
1872,103.206,0.44
1873,89.548,0.609
1873,100.693,0.419
1874,87.806,0.601
1874,98.415,0.406
1875,87.84,0.601
1875,98.429,0.406
1876,86.299,0.602
1876,94.655,0.392
1877,86.54,0.615
1877,94.606,0.391
1878,86.624,0.571
1879,88.124,0.578
1880,89.777,0.573
1880,93.339,0.366
1881,89.738,0.573
1881,93.202,0.365
1882,90.734,0.569
1882,92.539,0.374
1883,92.323,0.556
1883,94.065,0.432
1884,94.55,0.559
1884,96.831,0.443
1885,97.312,0.558
1885,100.083,0.434
1886,97.884,0.532
1886,90.694,0.438
1887,97.884,0.533
1887,90.847,0.436
1888,96.835,0.539
1888,88.694,0.419
1889,96.225,0.555
1889,93.993,0.379
1890,96.858,0.572
1891,98.661,0.562
1891,89.632,0.478
1892,97.756,0.555
1892,93.216,0.432
1893,97.768,0.554
1893,93.587,0.433
1894,95.697,0.542
1894,85.775,0.413
1895,95.724,0.521
1895,120.203,0.38
1896,94.974,0.491
1896,113.081,0.397
1897,95.022,0.491
1897,115.899,0.413
1898,94.913,0.501
1898,106.465,0.398
1899,94.916,0.501
1899,105.453,0.397
1900,94.941,0.516
1900,93.972,0.397
1901,94.769,0.537
1901,102.82,0.407
1902,93.559,0.5
1902,102.711,0.406
1903,94.689,0.527
1903,103.311,0.401
1904,94.834,0.542
1904,100.353,0.384
1905,94.859,0.542
1905,100.358,0.384
1906,93.466,0.513
1906,101.946,0.392
1907,93.311,0.478
1907,101.291,0.405
1908,93.178,0.508
1908,99.528,0.402
1909,95.762,0.528
1909,88.133,0.403
1910,97.13,0.532
1910,88.071,0.399
1911,97.058,0.531
1911,88.123,0.399
1912,98.354,0.535
1912,89.791,0.368
1913,97.9,0.519
1913,88.232,0.369
1914,96.331,0.53
1914,87.592,0.362
1915,95.458,0.567
1915,88.191,0.375
1916,92.765,0.59
1916,90.218,0.358
1917,92.786,0.59
1917,90.188,0.359
1918,92.434,0.617
1918,91.025,0.368
1919,93.576,0.627
1919,89.234,0.373
1920,92.344,0.628
1920,90.177,0.362
1921,89.33,0.601
1921,95.417,0.39
1922,87.85,0.562
1922,99.435,0.391
1923,87.842,0.563
1923,99.405,0.391
1924,89.485,0.577
1924,98.061,0.406
1925,88.864,0.578
1925,92.747,0.392
1926,90.466,0.614
1926,91.288,0.399
1927,90.412,0.597
1927,90.525,0.399
1928,87.982,0.574
1928,93.151,0.395
1929,87.968,0.574
1929,93.105,0.395
1930,87.856,0.622
1930,94.497,0.414
1931,84.604,0.589
1931,93.906,0.428
1932,87.016,0.583
1932,92.68,0.409
1933,88.563,0.566
1933,92.065,0.463
1934,89.564,0.588
1934,88.899,0.434
1935,89.437,0.588
1935,88.883,0.434
1936,91.52,0.568
1936,89.915,0.387
1937,93.71,0.562
1937,90.114,0.408
1938,96.632,0.598
1938,89.093,0.398
1939,94.024,0.601
1939,90.354,0.417
1940,100.281,0.617
1940,87.288,0.395
1941,100.255,0.617
1941,87.177,0.395
1942,101.589,0.63
1942,89.337,0.405
1943,101.637,0.599
1943,88.872,0.397
1944,103.558,0.598
1944,86.374,0.41
1945,106.107,0.59
1945,88.505,0.367
1946,109.206,0.642
1946,88.985,0.384
1947,109.224,0.641
1947,89.117,0.385
1948,109.547,0.629
1948,89.242,0.435
1949,106.404,0.617
1949,87.456,0.449
1950,105.447,0.609
1950,83.068,0.43
1951,103.693,0.643
1951,89.195,0.423
1952,104.925,0.642
1952,90.006,0.418
1953,104.897,0.642
1953,89.953,0.419
1954,103.878,0.604
1954,91.525,0.407
1955,104.496,0.634
1955,89.053,0.419
1956,103.411,0.638
1956,83.008,0.414
1957,99.943,0.621
1957,88.334,0.421
1958,97.611,0.617
1958,86.51,0.39
1959,97.605,0.617
1959,86.452,0.389
1960,94.233,0.617
1960,89.709,0.374
1961,89.717,0.632
1961,89.175,0.382
1962,88.224,0.634
1962,88.917,0.424
1963,84.61,0.626
1963,91.176,0.346
1964,85.052,0.563
1964,88.592,0.409
1965,85.103,0.564
1965,88.812,0.409
1966,82.386,0.569
1966,87.053,0.409
1967,83.387,0.591
1967,74.426,0.442
1968,86.776,0.629
1968,66.864,0.371
1969,87.825,0.65
1969,55.934,0.342
1970,87.214,0.626
1970,29.957,0.32
1970,88.383,0.281
1971,87.198,0.626
1971,29.787,0.319
1971,88.361,0.282
1972,86.242,0.647
1972,20.035,0.216
1972,88.487,0.285
1973,88.552,0.613
1973,28.373,0.237
1973,88.672,0.285
1974,90.775,0.613
1974,48.683,0.425
1974,88.633,0.283
1975,90.049,0.58
1975,37.426,0.416
1975,88.462,0.283
1976,92.182,0.552
1976,41.341,0.41
1976,88.594,0.281
1977,92.172,0.552
1977,41.415,0.411
1977,88.619,0.282
1978,90.781,0.543
1978,40.786,0.474
1978,88.65,0.282
1979,90.651,0.53
1979,42.139,0.494
1979,88.479,0.283
1980,87.58,0.516
1980,43.673,0.488
1980,88.754,0.284
1981,88.25,0.512
1981,53.417,0.501
1981,88.66,0.286
1982,90.209,0.539
1982,58.254,0.479
1983,90.212,0.539
1983,58.082,0.479
1984,89.673,0.511
1984,68.114,0.457
1985,83.281,0.61
1985,70.241,0.458
1986,85.53,0.624
1986,79.078,0.453
1987,82.266,0.669
1987,78.316,0.446
1988,81.707,0.622
1988,77.971,0.455
1989,81.762,0.624
1989,77.885,0.454
1990,73.593,0.687
1990,80.022,0.445
1991,81.175,0.627
1991,80.684,0.44
1992,78.311,0.641
1992,82.357,0.452
1993,78.787,0.623
1993,81.77,0.452
1994,77.884,0.619
1994,84.404,0.431
1995,77.955,0.619
1995,84.547,0.431
1996,86.102,0.611
1996,88.611,0.418
1997,87.127,0.617
1997,87.615,0.418
1998,88.391,0.626
1998,85.048,0.427
1999,92.461,0.614
1999,84.344,0.423
2000,97.591,0.576
2000,83.051,0.428
2001,97.551,0.576
2001,83.075,0.428
2002,100.282,0.584
2002,82.281,0.433
2003,99.905,0.666
2003,82.501,0.425
2004,102.352,0.652
2004,77.951,0.425
2005,101.788,0.653
2005,72.929,0.374
2006,102.204,0.636
2006,68.632,0.414
2007,102.285,0.635
2007,69.003,0.415
2008,98.339,0.637
2008,65.637,0.408
2009,98.212,0.609
2009,37.21,0.378
2010,96.614,0.606
2010,35.0,0.374
2011,93.729,0.616
2011,35.48,0.396
2012,95.405,0.555
2012,31.704,0.502
2013,95.378,0.555
2013,31.981,0.498
2014,91.815,0.601
2014,24.047,0.582
2015,88.863,0.588
2015,21.618,0.534
2016,87.168,0.633
2016,19.88,0.534
2017,87.067,0.624
2017,19.209,0.432
2018,86.354,0.613
2018,22.279,0.325
2019,86.378,0.612
2019,26.246,0.381
2020,84.322,0.595
2020,33.595,0.341
2021,83.955,0.62
2021,32.223,0.382
2022,85.206,0.592
2022,45.966,0.31
2023,86.938,0.582
2023,60.004,0.231
2024,90.285,0.571
2024,49.149,0.408
2025,90.311,0.57
2025,49.155,0.408
2026,92.659,0.551
2026,43.174,0.432
2027,96.735,0.552
2027,53.7,0.416
2028,99.428,0.528
2028,63.275,0.411
2029,99.737,0.47
2029,54.335,0.406
2030,101.474,0.497
2030,71.868,0.43
2031,101.414,0.496
2031,71.645,0.429
2032,102.756,0.487
2032,83.488,0.44
2033,105.694,0.535
2033,78.794,0.426
2034,108.653,0.597
2034,76.539,0.392
2035,113.45,0.608
2035,77.618,0.397
2036,111.157,0.654
2036,77.737,0.451
2037,111.156,0.655
2037,77.419,0.453
2038,113.824,0.622
2038,83.489,0.433
2039,111.554,0.552
2039,81.252,0.435
2040,113.93,0.55
2040,84.492,0.403
2041,114.728,0.538
2041,85.033,0.4
2042,119.056,0.554
2042,87.379,0.421
2043,119.184,0.554
2043,87.325,0.421
2044,118.176,0.51
2044,86.833,0.417
2045,114.131,0.432
2045,88.319,0.468
2046,118.99,0.487
2046,89.272,0.475
2047,126.89,0.543
2047,89.501,0.472
2048,132.074,0.54
2048,88.532,0.436
2049,132.038,0.541
2049,88.523,0.437
2050,132.534,0.487
2050,85.84,0.432
2051,138.923,0.483
2051,91.16,0.483
2052,140.855,0.531
2052,86.94,0.402
2053,140.363,0.473
2053,84.253,0.42
2054,140.052,0.499
2054,84.383,0.426
2054,87.438,0.346
2055,140.063,0.499
2055,84.403,0.427
2055,87.442,0.347
2056,138.827,0.498
2056,81.558,0.41
2057,135.959,0.536
2057,77.351,0.405
2058,132.246,0.535
2058,74.034,0.387
2059,129.514,0.528
2059,74.661,0.423
2060,127.549,0.554
2060,75.567,0.427
2061,127.608,0.554
2061,75.505,0.427
2062,117.407,0.519
2062,75.652,0.431
2063,112.43,0.529
2063,79.442,0.444
2064,107.93,0.543
2064,80.595,0.49
2065,106.322,0.57
2065,77.783,0.5
2066,105.524,0.579
2066,79.72,0.495
2067,105.467,0.579
2067,79.749,0.496
2068,102.545,0.586
2068,81.23,0.476
2069,97.451,0.554
2069,78.104,0.407
2070,97.032,0.543
2070,80.683,0.428
2071,96.849,0.525
2071,82.674,0.425
2072,97.993,0.545
2072,80.152,0.461
2073,97.993,0.546
2073,80.093,0.46
2074,99.467,0.55
2074,82.157,0.371
2075,99.118,0.546
2075,83.542,0.401
2076,99.707,0.524
2076,82.584,0.425
2077,102.944,0.54
2077,82.649,0.418
2078,103.939,0.554
2078,80.706,0.469
2079,103.874,0.554
2079,80.703,0.47
2080,105.798,0.512
2080,81.346,0.449
2081,106.589,0.482
2081,80.542,0.43
2082,104.777,0.476
2082,82.465,0.459
2083,105.517,0.526
2083,87.447,0.434
2084,106.087,0.553
2084,89.707,0.439
2085,106.033,0.552
2085,89.616,0.439
2086,106.817,0.589
2086,92.904,0.463
2087,107.934,0.511
2087,94.946,0.399
2088,109.57,0.586
2088,93.137,0.427
2089,104.968,0.567
2089,97.455,0.396
2090,113.351,0.619
2090,93.816,0.427
2091,113.295,0.62
2091,93.821,0.427
2092,111.135,0.548
2092,94.527,0.442
2093,116.429,0.568
2093,95.697,0.444
2094,118.35,0.58
2094,96.239,0.427
2095,126.336,0.603
2095,94.497,0.424
2096,125.505,0.614
2096,92.371,0.415
2097,125.481,0.614
2097,92.41,0.415
2098,121.929,0.575
2098,95.655,0.429
2099,120.775,0.546
2099,99.083,0.422
2100,124.154,0.567
2100,101.632,0.421
2101,127.698,0.563
2101,101.268,0.43
2102,132.846,0.609
2102,98.986,0.415
2103,132.789,0.609
2103,99.078,0.415
2104,129.662,0.585
2104,95.55,0.415
2105,129.775,0.635
2105,99.744,0.413
2106,124.936,0.628
2106,104.622,0.412
2107,124.07,0.636
2107,102.45,0.416
2108,117.295,0.589
2108,102.467,0.439
2109,117.326,0.589
2109,102.417,0.44
2110,120.579,0.639
2110,99.63,0.413
2111,119.837,0.646
2111,101.894,0.446
2112,115.019,0.618
2112,103.268,0.391
2113,110.52,0.609
2113,103.328,0.399
2114,107.519,0.602
2114,100.497,0.441
2115,107.53,0.603
2115,100.456,0.441
2116,106.539,0.6
2116,97.926,0.422
2117,104.063,0.622
2117,94.828,0.398
2118,101.736,0.626
2118,92.366,0.384
2119,101.309,0.628
2119,89.616,0.37
2120,98.206,0.588
2120,88.782,0.38
2121,98.238,0.588
2121,88.757,0.38
2122,97.232,0.609
2122,89.383,0.355
2123,95.4,0.604
2123,90.777,0.359
2124,92.507,0.605
2124,90.996,0.373
2125,92.307,0.602
2125,91.247,0.384
2126,91.412,0.606
2126,90.747,0.39
2127,91.417,0.606
2127,88.506,0.393
2128,90.514,0.581
2128,91.058,0.401
2129,88.955,0.602
2129,91.556,0.412
2130,89.694,0.576
2130,91.926,0.396
2131,89.515,0.568
2131,91.577,0.39
2132,91.409,0.576
2132,91.035,0.393
2133,91.411,0.576
2133,91.084,0.393
2134,91.756,0.562
2134,91.55,0.4
2135,92.191,0.554
2135,89.56,0.392
2136,91.515,0.542
2136,90.747,0.401
2137,93.737,0.532
2137,91.469,0.439
2138,93.558,0.529
2138,91.723,0.468
2139,93.539,0.529
2139,91.669,0.466
2140,96.051,0.528
2141,95.923,0.521
2142,93.794,0.536
2142,89.335,0.437
2143,92.065,0.541
2143,90.035,0.391
2144,93.509,0.563
2144,86.466,0.386
2145,93.469,0.561
2145,86.287,0.385
2146,93.613,0.557
2146,86.498,0.422
2147,92.318,0.555
2147,91.115,0.444
2148,93.278,0.552
2148,95.811,0.381
2149,93.525,0.562
2149,98.166,0.385
2150,95.517,0.587
2150,96.282,0.382
2151,95.492,0.587
2151,96.321,0.382
2152,93.002,0.55
2152,100.034,0.402
2153,92.753,0.555
2153,99.525,0.389
2154,93.127,0.551
2154,101.626,0.392
2155,91.479,0.57
2155,106.463,0.41
2156,90.759,0.602
2156,109.466,0.432
2157,90.73,0.601
2157,109.34,0.432
2158,90.223,0.608
2158,104.605,0.414
2159,87.41,0.607
2159,97.742,0.384
2160,83.339,0.606
2160,104.545,0.397
2161,83.157,0.555
2161,93.403,0.376
2162,80.482,0.614
2162,93.768,0.376
2163,80.529,0.614
2163,93.665,0.377
2164,79.358,0.56
2164,91.663,0.371
2165,80.092,0.563
2165,88.575,0.375
2166,77.733,0.581
2166,88.113,0.359
2167,77.424,0.597
2167,86.903,0.367
2168,80.583,0.582
2168,84.683,0.37
2169,80.568,0.581
2169,84.693,0.37
2170,82.378,0.579
2170,86.902,0.385
2171,84.384,0.531
2171,86.317,0.38
2172,87.085,0.553
2172,89.116,0.385
2173,89.413,0.551
2173,89.075,0.384
2174,88.879,0.489
2174,87.133,0.38
2175,88.844,0.489
2175,87.192,0.38
2176,85.835,0.504
2176,85.512,0.39
2177,84.732,0.465
2177,85.634,0.389
2178,84.307,0.451
2178,86.63,0.378
2179,80.684,0.465
2179,87.537,0.38
2180,74.759,0.486
2180,86.608,0.39
2181,74.752,0.486
2181,86.546,0.39
2182,69.151,0.495
2182,87.018,0.394
2183,71.68,0.479
2183,89.64,0.392
2184,65.252,0.484
2184,90.255,0.401
2185,63.153,0.47
2185,87.949,0.401
2186,56.206,0.487
2186,81.18,0.416
2187,56.454,0.487
2187,81.244,0.415
2188,48.249,0.516
2188,86.866,0.385
2189,42.263,0.525
2189,88.965,0.383
2189,81.796,0.45
2190,39.999,0.517
2190,81.641,0.435
2190,88.567,0.375
2191,40.553,0.502
2191,80.847,0.45
2191,81.091,0.397
2192,39.778,0.52
2192,79.45,0.453
2192,88.956,0.359
2193,40.154,0.52
2193,79.437,0.453
2193,88.911,0.36
2194,33.331,0.461
2194,80.194,0.45
2195,28.472,0.491
2195,79.489,0.452
2195,72.241,0.382
2196,44.655,0.465
2196,78.629,0.446
2196,60.562,0.376
2197,28.409,0.512
2197,50.059,0.405
2197,78.918,0.432
2198,91.567,0.376
2198,78.93,0.428
2198,45.138,0.362
2199,91.749,0.376
2199,78.741,0.429
2199,45.371,0.364
2200,60.889,0.453
2200,78.557,0.425
2201,61.048,0.381
2201,77.982,0.422
2202,78.119,0.423
2203,77.559,0.424
2204,69.254,0.432
2204,77.383,0.418
2205,69.239,0.432
2205,77.336,0.417
2206,79.168,0.403
2206,78.142,0.44
2207,75.799,0.362
2207,77.973,0.458
2208,80.223,0.391
2209,86.013,0.295
2209,79.695,0.471
2210,97.723,0.368
