frame,speed_mps,dist_m
1,0.7883369962944543,0.02627789987648181
2,0.1015625,0.0033854166666666668
3,0.0,0.0
4,0.05078125,0.0016927083333333334
5,0.594379292341231,0.019812643078041033
6,0.3661888014143114,0.012206293380477047
7,0.20937645755089682,0.006979215251696561
8,0.20937645755089682,0.006979215251696561
9,0.25390625000000006,0.008463541666666668
10,0.47906935436224934,0.015968978478741645
11,0.40625,0.013541666666666667
12,0.6281293726526905,0.020937645755089683
13,0.2271006539648224,0.007570021798827414
14,0.2271006539648224,0.007570021798827414
15,0.05078125,0.0016927083333333334
16,0.20937645755089682,0.006979215251696561
17,0.203125,0.0067708333333333336
18,0.6906996742717217,0.02302332247572406
19,1.0468822877544843,0.03489607625848281
20,1.3329473572600543,0.04443157857533514
21,0.3661888014143114,0.012206293380477047
22,0.66015625,0.022005208333333335
23,1.2229744494085926,0.04076581498028642
24,1.7946700125932797,0.05982233375310932
25,1.6634250906567936,0.05544750302189312
26,2.4543687133863976,0.08181229044621326
27,0.9084026158592896,0.030280087195309655
28,1.586456965418539,0.052881898847284635
29,1.0603436298112279,0.035344787660374265
30,1.6376461051231428,0.05458820350410476
31,1.079624184105863,0.035987472803528764
32,2.642577403224218,0.08808591344080727
33,1.2282345788423572,0.04094115262807857
34,0.9322198310895143,0.031073994369650478
35,1.4082071883609892,0.046940239612032975
36,2.7346540036229903,0.09115513345409967
37,0.6906996742717217,0.02302332247572406
38,4.227062484867779,0.14090208282892597
39,1.8727199678876176,0.062423998929587256
40,0.9581387087244987,0.03193795695748329
41,0.9581387087244987,0.03193795695748329
42,0.7054756713392478,0.02351585571130826
43,0.25390625000000006,0.008463541666666668
44,0.43387519019190585,0.014462506339730195
45,0.287262129857035,0.009575404328567832
46,2.041380985540181,0.06804603285133937
47,0.4542013079296448,0.015140043597654827
48,0.7054756713392478,0.02351585571130826
49,1.0168937387832433,0.03389645795944144
50,0.06979215251697496,0.002326405083899165
51,0.06979215251694695,0.002326405083898232
52,0.06979215251697496,0.002326405083899165
53,2.062118957462581,0.06873729858208603
54,2.9523085015426913,0.09841028338475638
55,0.24649838076788944,0.008216612692262981
56,0.24649838076788944,0.008216612692262981
57,0.24649838076788944,0.008216612692262981
58,0.24649838076788944,0.008216612692262981
59,1.9162774174489974,0.06387591391496658
60,0.35546875,0.011848958333333333
61,0.55642556837997,0.018547518945999
62,0.55642556837997,0.018547518945999
63,0.55642556837997,0.018547518945999
64,0.55642556837997,0.018547518945999
65,1.2229744494085926,0.04076581498028642
66,1.0159423332369266,0.03386474444123089
67,1.0159423332369266,0.03386474444123089
68,2.8478277126020215,0.09492759042006739
69,1.0156250000000002,0.03385416666666667
70,1.8727199678876176,0.062423998929587256
71,0.8188230525615714,0.02729410175205238
72,1.7737128090269434,0.05912376030089811
73,1.2846752994434043,0.04282250998144681
74,2.9087507092352487,0.09695835697450829
75,0.9859935230715577,0.032866450769051925
76,1.135503269824112,0.03785010899413707
77,0.8375058302035873,0.027916861006786243
78,0.6906996742717217,0.02302332247572406
79,1.5098351071495357,0.050327836904984526
80,0.3661888014143114,0.012206293380477047
81,0.0,0.0
82,2.4141130658134573,0.08047043552711525
83,1.1855002178833889,0.0395166739294463
84,0.7323776028286229,0.024412586760954095
85,2.3359375,0.07786458333333333
86,0.609375,0.0203125
87,0.15234375,0.005078125
88,0.6114872247042963,0.02038290749014321
89,0.203125,0.0067708333333333336
90,0.25390625000000006,0.008463541666666668
91,0.15234375,0.005078125
92,0.6906996742717217,0.02302332247572406
93,0.287262129857035,0.009575404328567832
94,0.8868564045134717,0.029561880150449055
95,0.25390625000000006,0.008463541666666668
96,0.25390625000000006,0.008463541666666668
97,1.421875,0.04739583333333333
98,1.8344616741128887,0.06114872247042962
99,0.8266588583956882,0.027555295279856274
100,2.0318846664738532,0.06772948888246177
101,2.4396149678599386,0.08132049892866462
102,1.625,0.05416666666666667
103,1.6533177167913764,0.05511059055971255
104,1.3006346107285474,0.04335448702428491
105,0.47906935436224934,0.015968978478741645
106,0.6503173053642737,0.021677243512142456
107,1.5477871758098924,0.051592905860329746
108,1.0566893617457132,0.03522297872485711
109,1.0760353957243054,0.035867846524143515
110,1.8727199678876176,0.062423998929587256
111,0.6114872247042963,0.02038290749014321
112,3.453498371358609,0.1151166123786203
113,1.6376461051231428,0.05458820350410476
114,2.0937645755089687,0.06979215251696562
115,1.7183282508121267,0.05727760836040422
116,1.808268903062056,0.06027563010206853
117,0.6503173053642737,0.021677243512142456
118,0.9859935230715577,0.032866450769051925
119,1.7473473198680336,0.058244910662267786
120,2.356271888368162,0.07854239627893873
121,1.830944007071557,0.061031466902385235
122,1.3626039237889345,0.04542013079296448
123,0.4542013079296448,0.015140043597654827
124,1.8789062500000002,0.06263020833333334
125,1.862363833371869,0.06207879444572897
126,2.621512867012875,0.0873837622337625
127,3.1533479851778172,0.10511159950592724
128,2.2366820475944387,0.07455606825314795
129,0.6906996742717217,0.02302332247572406
130,0.594379292341231,0.019812643078041033
131,0.8188230525615714,0.02729410175205238
132,1.2355611389668257,0.04118537129889419
133,0.6114872247042963,0.02038290749014321
134,2.9575446425202103,0.09858482141734035
135,1.285678560275298,0.0428559520091766
136,0.6503173053642737,0.021677243512142456
137,2.0312500000000004,0.06770833333333334
138,1.0855791337641225,0.03618597112547075
139,0.9540930662684656,0.03180310220894885
140,0.5001373102474584,0.016671243674915282
141,0.05078125,0.0016927083333333334
142,0.66015625,0.022005208333333335
143,0.594379292341231,0.019812643078041033
144,0.6114872247042963,0.02038290749014321
145,0.7054756713392478,0.02351585571130826
146,0.4542013079296448,0.015140043597654827
147,0.2271006539648224,0.007570021798827414
148,1.8898540848208527,0.06299513616069509
149,0.8868564045134717,0.029561880150449055
150,0.25390625000000006,0.008463541666666668
151,0.8266588583956882,0.027555295279856274
152,0.203125,0.0067708333333333336
153,0.05078125,0.0016927083333333334
154,0.4542013079296448,0.015140043597654827
155,0.20937645755089682,0.006979215251696561
156,0.4542013079296448,0.015140043597654827
157,3.2535685974271487,0.10845228658090496
158,0.20937645755089682,0.006979215251696561
159,0.05078125,0.0016927083333333334
160,0.2271006539648224,0.007570021798827414
161,0.6423376497217022,0.021411254990723404
162,1.4541537017390047,0.048471790057966826
163,1.862363833371869,0.06207879444572897
164,1.6533177167913764,0.05511059055971255
165,0.66015625,0.022005208333333335
166,1.3329473572600543,0.04443157857533514
167,2.412510246294627,0.08041700820982091
168,2.438028913969554,0.0812676304656518
169,2.46328323223834,0.08210944107461132
170,1.8973440781211113,0.06324480260403705
171,0.43387519019190585,0.014462506339730195
172,1.3406634700919773,0.044688782336399245
173,5.09561441387423,0.16985381379580766
174,5.09561441387423,0.16985381379580766
175,2.28233332582168,0.07607777752738933
176,1.3710937500000002,0.045703125000000004
177,0.4542013079296448,0.015140043597654827
178,0.287262129857035,0.009575404328567832
179,0.8266588583956882,0.027555295279856274
180,0.6906996742717217,0.02302332247572406
181,0.609375,0.0203125
182,1.5098351071495357,0.050327836904984526
183,0.7323776028286229,0.024412586760954095
184,1.261380082256757,0.042046002741891894
185,1.4656352028562778,0.04885450676187593
186,1.9804687500000002,0.06601562500000001
187,1.0269872242579567,0.03423290747526522
188,1.5937547870638893,0.05312515956879631
189,0.594379292341231,0.019812643078041033
190,0.4094115262807857,0.01364705087602619
191,0.7393861606300526,0.024646205354335086
192,0.5078125000000001,0.016927083333333336
193,1.4363106492851747,0.047877021642839156
194,1.5676526369189898,0.052255087897299664
195,0.5078125000000001,0.016927083333333336
196,1.7539758477282583,0.05846586159094194
197,2.4543687133863976,0.08181229044621326
198,2.197132808485869,0.07323776028286229
199,3.9338264888943137,0.13112754962981046
200,2.8726212985703494,0.09575404328567831
201,1.0156250000000002,0.03385416666666667
202,0.8375058302035873,0.027916861006786243
203,0.9322198310895143,0.031073994369650478
204,1.4254976173362235,0.04751658724454078
205,2.2395625150437444,0.07465208383479148
206,1.0269872242579567,0.03423290747526522
207,0.2271006539648224,0.007570021798827414
208,0.66015625,0.022005208333333335
209,1.135503269824112,0.03785010899413707
210,3.2116882486085103,0.10705627495361701
211,0.76171875,0.025390625
212,0.8868564045134717,0.029561880150449055
213,0.6114872247042963,0.02038290749014321
214,1.2846752994434043,0.04282250998144681
215,2.2070865590414805,0.07356955196804935
216,1.6376461051231428,0.05458820350410476
217,1.0269872242579567,0.03423290747526522
218,0.287262129857035,0.009575404328567832
219,0.0,0.0
220,0.05078125,0.0016927083333333334
221,0.6114872247042963,0.02038290749014321
222,0.7054756713392478,0.02351585571130826
223,0.76171875,0.025390625
224,1.0357383386985344,0.03452461128995114
225,0.41875291510179363,0.013958430503393121
226,3.466541033693565,0.1155513677897855
227,0.8375058302035873,0.027916861006786243
228,0.15234375,0.005078125
229,0.8868564045134717,0.029561880150449055
230,1.2846752994434043,0.04282250998144681
231,0.5398120920529315,0.017993736401764382
232,0.6114872247042963,0.02038290749014321
233,0.66015625,0.022005208333333335
234,0.8140853673611648,0.027136178912038827
235,0.41875291510179363,0.013958430503393121
236,0.1015625,0.0033854166666666668
237,0.1015625,0.0033854166666666668
238,0.35546875,0.011848958333333333
239,0.47906935436224934,0.015968978478741645
240,1.0269872242579567,0.03423290747526522
241,0.4542013079296448,0.015140043597654827
242,0.5398120920529315,0.017993736401764382
243,0.3661888014143114,0.012206293380477047
244,0.47906935436224934,0.015968978478741645
245,0.8188230525615714,0.02729410175205238
246,0.86328125,0.02877604166666667
247,0.40625,0.013541666666666667
248,0.32515865268213684,0.010838621756071228
249,0.287262129857035,0.009575404328567832
250,0.25390625000000006,0.008463541666666668
251,0.41875291510179363,0.013958430503393121
252,0.8266588583956882,0.027555295279856274
253,1.7889132374961796,0.05963044124987265
254,1.256258745305381,0.041875291510179366
255,0.4094115262807857,0.01364705087602619
256,0.7323776028286229,0.024412586760954095
257,1.0468822877544843,0.03489607625848281
258,0.32515865268213684,0.010838621756071228
259,1.4227815190592557,0.04742605063530852
260,0.898412024095327,0.029947067469844234
261,0.25390625000000006,0.008463541666666668
262,4.2377249778957164,0.14125749926319056
263,2.762798697086887,0.09209328990289624
264,1.5937547870638893,0.05312515956879631
265,1.8168052317185792,0.06056017439061931
266,0.9140625000000001,0.030468750000000003
267,0.3046875,0.01015625
268,0.20937645755089682,0.006979215251696561
269,1.625,0.05416666666666667
270,1.1855002178833889,0.0395166739294463
271,0.4542013079296448,0.015140043597654827
272,4.18383264082184,0.13946108802739465
273,1.4865988686559204,0.049553295621864016
274,0.1015625,0.0033854166666666668
275,0.9540930662684656,0.03180310220894885
276,3.1830568949186353,0.10610189649728784
277,1.0206904927700906,0.03402301642566968
278,0.86328125,0.02877604166666667
279,0.3661888014143114,0.012206293380477047
280,2.267028794626143,0.07556762648753809
281,0.9322198310895143,0.031073994369650478
282,1.430012983783386,0.0476670994594462
283,0.9648437500000001,0.03216145833333334
284,0.6423376497217022,0.021411254990723404
285,0.203125,0.0067708333333333336
286,0.25390625000000006,0.008463541666666668
287,1.9223235312478133,0.06407745104159378
288,0.7883369962944543,0.02627789987648181
289,0.86328125,0.02877604166666667
290,0.5001373102474584,0.016671243674915282
291,0.3046875,0.01015625
292,0.32515865268213684,0.010838621756071228
293,1.3406634700919773,0.044688782336399245
294,1.4372080630867483,0.04790693543622494
295,2.640625,0.08802083333333334
296,1.2846752994434043,0.04282250998144681
297,0.5469308007245981,0.018231026690819937
298,3.104308942226766,0.1034769647408922
299,1.6880469672010205,0.056268232240034015
300,0.8188230525615714,0.02729410175205238
301,1.135503269824112,0.03785010899413707
302,3.104308942226766,0.1034769647408922
303,1.2355611389668257,0.04118537129889419
304,1.0156250000000002,0.03385416666666667
305,0.20937645755089682,0.006979215251696561
306,0.7884454694497276,0.026281515648324254
307,0.7884454694497169,0.0262815156483239
308,0.7884454694497276,0.026281515648324254
309,0.7884454694497375,0.026281515648324583
310,0.7884454694497276,0.026281515648324254
311,0.7884454694497169,0.0262815156483239
312,0.7884454694497276,0.026281515648324254
313,0.7884454694497276,0.026281515648324254
314,0.7884454694497169,0.0262815156483239
315,0.7884454694497379,0.026281515648324597
316,0.7884454694497169,0.0262815156483239
317,0.7884454694497379,0.026281515648324597
318,0.7884454694497276,0.026281515648324254
319,0.7884454694497169,0.0262815156483239
320,2.5390625,0.08463541666666667
321,0.8868564045134717,0.029561880150449055
322,1.4363106492851747,0.047877021642839156
323,0.9859935230715577,0.032866450769051925
324,0.9322198310895143,0.031073994369650478
325,0.9540930662684656,0.03180310220894885
326,0.66015625,0.022005208333333335
327,0.25390625000000006,0.008463541666666668
328,0.9363599839438088,0.031211999464793628
329,0.9859935230715577,0.032866450769051925
330,0.7932284827092695,0.026440949423642317
331,0.25390625000000006,0.008463541666666668
332,0.8375058302035873,0.027916861006786243
333,0.203125,0.0067708333333333336
334,0.43387519019190585,0.014462506339730195
335,0.32515865268213684,0.010838621756071228
336,0.20937645755089682,0.006979215251696561
337,0.86328125,0.02877604166666667
338,1.3860583814955498,0.04620194604985166
339,0.3046875,0.01015625
340,2.7595299406174347,0.0919843313539145
341,2.5212264161716145,0.08404088053905381
342,0.28701352563058535,0.009567117521019512
343,0.2870135256305738,0.009567117521019127
344,0.28701352563058724,0.009567117521019575
345,0.2870135256305738,0.009567117521019127
346,0.28701352563058535,0.009567117521019512
347,0.28701352563058535,0.009567117521019512
348,0.28701352563057575,0.009567117521019191
349,0.28701352563058535,0.009567117521019512
350,0.2870135256305738,0.009567117521019127
351,0.28701352563058535,0.009567117521019512
352,0.28701352563057575,0.009567117521019191
353,0.28701352563058535,0.009567117521019512
354,0.28701352563058535,0.009567117521019512
355,0.2870135256305738,0.009567117521019127
356,0.28701352563058724,0.009567117521019575
357,0.2870135256305738,0.009567117521019127
358,0.28701352563058535,0.009567117521019512
359,1.0156250000000002,0.03385416666666667
360,2.0714766773970688,0.06904922257990229
361,1.8898540848208527,0.06299513616069509
362,0.3661888014143114,0.012206293380477047
363,0.1015625,0.0033854166666666668
364,0.32515865268213684,0.010838621756071228
365,0.40625,0.013541666666666667
366,0.4542013079296448,0.015140043597654827
367,1.0002746204949169,0.033342487349830564
368,0.40625,0.013541666666666667
369,0.0,0.0
370,0.47906935436224934,0.015968978478741645
371,1.4363106492851747,0.047877021642839156
372,1.0156250000000002,0.03385416666666667
373,0.8677503803838117,0.02892501267946039
374,0.6423376497217022,0.021411254990723404
375,0.25390625000000006,0.008463541666666668
376,1.4647552056572457,0.04882517352190819
377,3.7540363205873573,0.12513454401957858
378,1.1844121036404518,0.03948040345468173
379,0.7932284827092695,0.026440949423642317
380,0.32515865268213684,0.010838621756071228
381,0.25390625000000006,0.008463541666666668
382,0.47906935436224934,0.015968978478741645
383,0.7393861606300526,0.024646205354335086
384,2.3710004357667778,0.0790333478588926
385,1.7265625,0.05755208333333334
386,2.1806393530983637,0.07268797843661212
387,0.6503173053642737,0.021677243512142456
388,1.0938616014491962,0.036462053381639874
389,1.8168052317185792,0.06056017439061931
390,1.8344616741128887,0.06114872247042962
391,1.4008631633885813,0.046695438779619375
392,1.4008631633885813,0.046695438779619375
393,0.4094115262807857,0.01364705087602619
394,0.4542013079296448,0.015140043597654827
395,0.25390625000000006,0.008463541666666668
396,0.25390625000000006,0.008463541666666668
397,0.4094115262807857,0.01364705087602619
398,0.76171875,0.025390625
399,0.5078125000000001,0.016927083333333336
400,1.3663836922809236,0.04554612307603079
401,1.9162774174489974,0.06387591391496658
402,1.3406634700919773,0.044688782336399245
403,1.1844121036404518,0.03948040345468173
404,1.8456731561720408,0.061522438539068025
405,0.8266588583956882,0.027555295279856274
406,0.41875291510179363,0.013958430503393121
407,2.2806378941211958,0.07602126313737319
408,3.0506812163497297,0.10168937387832432
409,2.262474236947586,0.07541580789825288
410,1.4443673007286142,0.048145576690953804
411,0.609375,0.0203125
412,1.625,0.05416666666666667
413,0.2271006539648224,0.007570021798827414
414,3.2599031249086323,0.10866343749695441
415,1.4443673007286142,0.048145576690953804
416,1.8533417084502388,0.06177805694834129
417,0.6177805694834129,0.020592685649447096
418,1.0168937387832433,0.03389645795944144
419,1.0760353957243054,0.035867846524143515
420,0.6114872247042963,0.02038290749014321
421,0.5398120920529315,0.017993736401764382
422,0.8266588583956882,0.027555295279856274
423,0.20937645755089682,0.006979215251696561
424,1.21875,0.040625
425,1.256258745305381,0.041875291510179366
426,1.4443673007286142,0.048145576690953804
427,2.3953467718112473,0.07984489239370825
428,1.4363106492851747,0.047877021642839156
429,0.4094115262807857,0.01364705087602619
430,0.8266588583956882,0.027555295279856274
431,2.3447523898124616,0.07815841299374872
432,2.1877232028983924,0.07292410676327975
433,1.6634250906567936,0.05544750302189312
434,0.8677503803838117,0.02892501267946039
435,0.41875291510179363,0.013958430503393121
436,1.0156250000000002,0.03385416666666667
437,1.4541537017390047,0.048471790057966826
438,0.6114872247042963,0.02038290749014321
439,1.0168937387832433,0.03389645795944144
440,1.625,0.05416666666666667
441,0.6177805694834129,0.020592685649447096
442,1.6376461051231428,0.05458820350410476
443,1.0760353957243054,0.035867846524143515
444,1.6376461051231428,0.05458820350410476
445,1.4935213688131692,0.04978404562710564
446,1.236604246910289,0.041220141563676295
447,0.35546875,0.011848958333333333
448,1.6257932634106844,0.054193108780356145
449,0.5001373102474584,0.016671243674915282
450,0.43387519019190585,0.014462506339730195
451,0.32515865268213684,0.010838621756071228
452,0.25390625000000006,0.008463541666666668
453,0.203125,0.0067708333333333336
454,0.1015625,0.0033854166666666668
455,0.43387519019190585,0.014462506339730195
456,0.3661888014143114,0.012206293380477047
457,0.9322198310895143,0.031073994369650478
458,2.152070791448611,0.07173569304828703
459,0.8512488671293857,0.02837496223764619
460,2.0312500000000004,0.06770833333333334
461,1.6257932634106844,0.054193108780356145
462,0.8188230525615714,0.02729410175205238
463,0.287262129857035,0.009575404328567832
464,0.203125,0.0067708333333333336
465,0.203125,0.0067708333333333336
466,0.2271006539648224,0.007570021798827414
467,0.20937645755089682,0.006979215251696561
468,0.7323776028286229,0.024412586760954095
469,1.0357383386985344,0.03452461128995114
470,1.3016255705757176,0.043387519019190586
471,0.5398120920529315,0.017993736401764382
472,1.26953125,0.042317708333333336
473,1.8644396621790287,0.062147988739300955
474,1.927012949165106,0.0642337649721702
475,1.644716809602511,0.054823893653417034
476,1.6281707347223295,0.054272357824077654
477,0.6281293726526905,0.020937645755089683
478,0.8868564045134717,0.029561880150449055
479,0.5078125000000001,0.016927083333333336
480,1.2355611389668257,0.04118537129889419
481,1.6257932634106844,0.054193108780356145
482,2.271006539648224,0.07570021798827414
483,0.6281293726526905,0.020937645755089683
484,1.4935213688131692,0.04978404562710564
485,1.0206904927700906,0.03402301642566968
486,3.4980136139192006,0.11660045379730669
487,1.8456731561720408,0.061522438539068025
488,0.4094115262807857,0.01364705087602619
489,0.287262129857035,0.009575404328567832
490,0.15234375,0.005078125
491,0.47906935436224934,0.015968978478741645
492,0.8140853673611648,0.027136178912038827
493,1.0156250000000002,0.03385416666666667
494,0.9363599839438088,0.031211999464793628
495,0.35546875,0.011848958333333333
496,4.2849265691637015,0.14283088563879004
497,2.3953467718112473,0.07984489239370825
498,2.2070865590414805,0.07356955196804935
499,4.281314153260217,0.14271047177534057
500,1.726230564497558,0.057541018816585264
501,1.7262305644975409,0.057541018816584695
502,1.7262305644975733,0.05754101881658578
503,2.69140625,0.08971354166666667
504,2.445948898817185,0.08153162996057284
505,4.065355441798917,0.13551184805996389
506,3.593648096381308,0.11978826987937694
507,1.2229744494085926,0.04076581498028642
508,0.8266588583956882,0.027555295279856274
509,0.40625,0.013541666666666667
510,0.3661888014143114,0.012206293380477047
511,0.203125,0.0067708333333333336
512,0.5078125000000001,0.016927083333333336
513,0.20937645755089682,0.006979215251696561
514,1.26953125,0.042317708333333336
515,1.2282345788423572,0.04094115262807857
516,0.9363599839438088,0.031211999464793628
517,1.6880469672010205,0.056268232240034015
518,2.0714766773970688,0.06904922257990229
519,0.6423376497217022,0.021411254990723404
520,0.41875291510179363,0.013958430503393121
521,2.645015880630788,0.08816719602102627
522,1.2449176463883314,0.04149725487961105
523,2.0005492409898338,0.06668497469966113
524,2.9870427376263384,0.09956809125421127
525,1.2397283047229541,0.04132427682409847
526,1.6376461051231428,0.05458820350410476
527,1.7042008947589677,0.05680669649196559
528,1.7042008947589677,0.05680669649196559
529,1.7384699686883436,0.05794899895627812
530,0.8266588583956882,0.027555295279856274
531,0.20937645755089682,0.006979215251696561
532,1.5072709924650454,0.05024236641550151
533,0.6177805694834129,0.020592685649447096
534,1.0002746204949169,0.033342487349830564
535,0.8868564045134717,0.029561880150449055
536,1.4935213688131692,0.04978404562710564
537,0.57452425971407,0.019150808657135664
538,1.021952942841701,0.03406509809472336
539,1.021952942841701,0.03406509809472336
540,0.4094115262807857,0.01364705087602619
541,0.5078125000000001,0.016927083333333336
542,0.9540930662684656,0.03180310220894885
543,0.32515865268213684,0.010838621756071228
544,1.3860583814955498,0.04620194604985166
545,2.041380985540181,0.06804603285133937
546,2.5537466013881573,0.08512488671293858
547,2.645015880630788,0.08816719602102627
548,1.6634250906567936,0.05544750302189312
549,0.6114872247042963,0.02038290749014321
550,0.8512488671293857,0.02837496223764619
551,1.4656352028562778,0.04885450676187593
552,0.4094115262807857,0.01364705087602619
553,0.40625,0.013541666666666667
554,0.4542013079296448,0.015140043597654827
555,0.287262129857035,0.009575404328567832
556,0.4542013079296448,0.015140043597654827
557,0.5078125000000001,0.016927083333333336
558,0.8266588583956882,0.027555295279856274
559,0.6813019618944672,0.02271006539648224
560,0.8677503803838117,0.02892501267946039
561,0.25390625000000006,0.008463541666666668
562,0.7054756713392478,0.02351585571130826
563,0.9084026158592896,0.030280087195309655
564,0.5469308007245981,0.018231026690819937
565,0.3661888014143114,0.012206293380477047
566,0.05078125,0.0016927083333333334
567,0.203125,0.0067708333333333336
568,0.287262129857035,0.009575404328567832
569,0.6114872247042963,0.02038290749014321
570,1.2198074839299693,0.04066024946433231
571,1.0938616014491962,0.036462053381639874
572,0.287262129857035,0.009575404328567832
573,0.0,0.0
574,3.0738390211793787,0.1024613007059793
575,1.0357383386985344,0.03452461128995114
576,1.0357383386985344,0.03452461128995114
577,1.14904851942814,0.03830161731427133
578,3.1406468632634525,0.10468822877544842
579,1.0357383386985344,0.03452461128995114
580,1.2229744494085926,0.04076581498028642
581,1.2282345788423572,0.04094115262807857
582,0.4094115262807857,0.01364705087602619
583,1.0760353957243054,0.035867846524143515
584,0.8125,0.027083333333333334
585,0.41875291510179363,0.013958430503393121
586,1.0156250000000002,0.03385416666666667
587,1.21875,0.040625
588,0.20937645755089682,0.006979215251696561
589,0.47906935436224934,0.015968978478741645
590,0.05078125,0.0016927083333333334
591,0.1015625,0.0033854166666666668
592,0.9859935230715577,0.032866450769051925
593,0.8125,0.027083333333333334
594,0.9084026158592896,0.030280087195309655
595,2.294166265234293,0.0764722088411431
596,2.3165379916162747,0.07721793305387582
597,0.9540930662684656,0.03180310220894885
598,0.6114872247042963,0.02038290749014321
599,0.8266588583956882,0.027555295279856274
600,1.8898540848208527,0.06299513616069509
601,0.5078125000000001,0.016927083333333336
602,1.0357383386985344,0.03452461128995114
603,0.40625,0.013541666666666667
604,1.4227815190592557,0.04742605063530852
605,0.6906996742717217,0.02302332247572406
606,2.2395625150437444,0.07465208383479148
607,0.6906996742717217,0.02302332247572406
608,1.1844121036404518,0.03948040345468173
609,0.57452425971407,0.019150808657135664
610,2.479976575187065,0.08266588583956883
611,2.0714766773970688,0.06904922257990229
612,0.8188230525615714,0.02729410175205238
613,0.6114872247042963,0.02038290749014321
614,0.6281293726526905,0.020937645755089683
615,0.41875291510179363,0.013958430503393121
616,0.203125,0.0067708333333333336
617,0.8375058302035873,0.027916861006786243
618,1.4865988686559204,0.049553295621864016
619,1.3203125,0.04401041666666667
620,1.2355611389668257,0.04118537129889419
621,0.40625,0.013541666666666667
622,0.4542013079296448,0.015140043597654827
623,0.4094115262807857,0.01364705087602619
624,0.77514213981312,0.025838071327104
625,1.2846752994434043,0.04282250998144681
626,1.0468822877544843,0.03489607625848281
627,0.4542013079296448,0.015140043597654827
628,0.6423376497217022,0.021411254990723404
629,1.0468822877544843,0.03489607625848281
630,0.6813019618944672,0.02271006539648224
631,0.287262129857035,0.009575404328567832
632,0.4094115262807857,0.01364705087602619
633,0.1015625,0.0033854166666666668
634,0.20937645755089682,0.006979215251696561
635,1.4227815190592557,0.04742605063530852
636,3.0675405943282255,0.10225135314427418
637,5.300988504607095,0.1766996168202365
638,0.6503173053642737,0.021677243512142456
639,0.32515865268213684,0.010838621756071228
640,1.8393751061841628,0.061312503539472096
641,1.9115616634479942,0.06371872211493314
642,2.475813791597434,0.08252712638658113
643,1.8400759540305835,0.06133586513435278
644,1.7946700125932797,0.05982233375310932
645,0.76171875,0.025390625
646,1.4541537017390047,0.048471790057966826
647,1.927012949165106,0.0642337649721702
648,2.0539744485159135,0.06846581495053045
649,1.256258745305381,0.041875291510179366
650,2.721893948161659,0.0907297982720553
651,1.0938616014491962,0.036462053381639874
652,1.0357383386985344,0.03452461128995114
653,1.6880469672010205,0.056268232240034015
654,1.7539758477282583,0.05846586159094194
655,1.2846752994434043,0.04282250998144681
656,0.9322198310895143,0.031073994369650478
657,0.3661888014143114,0.012206293380477047
658,0.0,0.0
659,0.6423376497217022,0.021411254990723404
660,0.2271006539648224,0.007570021798827414
661,1.5098351071495357,0.050327836904984526
662,0.6114872247042963,0.02038290749014321
663,0.43387519019190585,0.014462506339730195
664,2.0539744485159135,0.06846581495053045
665,2.234375,0.07447916666666667
666,3.0472981477001166,0.10157660492333723
667,2.08203125,0.06940104166666666
668,2.106656958320235,0.07022189861067449
669,0.6423376497217022,0.021411254990723404
670,2.159248368211726,0.07197494560705753
671,1.52766340964365,0.05092211365478834
672,1.9115616634479942,0.06371872211493314
673,2.652803945717449,0.08842679819058162
674,2.0369548793883636,0.06789849597961212
675,0.8188230525615714,0.02729410175205238
676,2.234951985161328,0.07449839950537761
677,1.8843881179580717,0.06281293726526906
678,2.433794383784108,0.08112647945947025
679,2.377517169364924,0.07925057231216413
680,3.09765625,0.10325520833333333
681,1.0760353957243054,0.035867846524143515
682,1.4363106492851747,0.047877021642839156
683,2.84375,0.09479166666666666
684,2.640625,0.08802083333333334
685,4.0628173704157025,0.13542724568052342
686,2.262474236947586,0.07541580789825288
687,0.8512488671293857,0.02837496223764619
688,2.1358330545513295,0.07119443515171099
689,2.640625,0.08802083333333334
690,1.8727199678876176,0.062423998929587256
691,0.8375058302035873,0.027916861006786243
692,1.0760353957243054,0.035867846524143515
693,0.2271006539648224,0.007570021798827414
694,0.8125,0.027083333333333334
695,1.0269872242579567,0.03423290747526522
696,1.0269872242579567,0.03423290747526522
697,0.57452425971407,0.019150808657135664
698,1.15910358388026,0.038636786129341995
699,0.6423376497217022,0.021411254990723404
700,0.47906935436224934,0.015968978478741645
701,1.0357383386985344,0.03452461128995114
702,1.3860583814955498,0.04620194604985166
703,1.2229744494085926,0.04076581498028642
704,0.8266588583956882,0.027555295279856274
705,0.20937645755089682,0.006979215251696561
706,0.6114872247042963,0.02038290749014321
707,0.6423376497217022,0.021411254990723404
708,0.6177805694834129,0.020592685649447096
709,0.6813019618944672,0.02271006539648224
710,0.40625,0.013541666666666667
711,0.287262129857035,0.009575404328567832
712,0.20937645755089682,0.006979215251696561
713,0.0,0.0
714,0.9084026158592896,0.030280087195309655
715,0.7054756713392478,0.02351585571130826
716,0.6503173053642737,0.021677243512142456
717,0.2271006539648224,0.007570021798827414
718,0.5078125000000001,0.016927083333333336
719,0.4542013079296448,0.015140043597654827
720,1.0269872242579567,0.03423290747526522
721,0.6177805694834129,0.020592685649447096
722,0.7323776028286229,0.024412586760954095
723,0.4094115262807857,0.01364705087602619
724,0.35546875,0.011848958333333333
725,0.6423376497217022,0.021411254990723404
726,0.05078125,0.0016927083333333334
727,0.15234375,0.005078125
728,0.43387519019190585,0.014462506339730195
729,0.287262129857035,0.009575404328567832
730,0.4094115262807857,0.01364705087602619
731,1.6264099785732926,0.054213665952443084
732,1.6264099785732928,0.0542136659524431
733,1.6264099785732926,0.054213665952443084
734,1.8344616741128887,0.06114872247042962
735,0.6177805694834129,0.020592685649447096
736,1.2449176463883314,0.04149725487961105
737,1.430012983783386,0.0476670994594462
738,1.5098351071495357,0.050327836904984526
739,1.4372080630867483,0.04790693543622494
740,1.0603436298112279,0.035344787660374265
741,0.4094115262807857,0.01364705087602619
742,0.203125,0.0067708333333333336
743,1.0760353957243054,0.035867846524143515
744,1.2229744494085926,0.04076581498028642
745,0.4094115262807857,0.01364705087602619
746,1.6376461051231428,0.05458820350410476
747,0.609375,0.0203125
748,0.2271006539648224,0.007570021798827414
749,0.1015625,0.0033854166666666668
750,0.5078125000000001,0.016927083333333336
751,0.6114872247042963,0.02038290749014321
752,1.14904851942814,0.03830161731427133
753,0.32515865268213684,0.010838621756071228
754,0.5469308007245981,0.018231026690819937
755,0.05078125,0.0016927083333333334
756,0.4094115262807857,0.01364705087602619
757,0.287262129857035,0.009575404328567832
758,0.203125,0.0067708333333333336
759,0.0,0.0
760,0.2271006539648224,0.007570021798827414
761,1.1171875,0.03723958333333333
762,0.9363599839438088,0.031211999464793628
763,0.7393861606300526,0.024646205354335086
764,0.287262129857035,0.009575404328567832
765,0.287262129857035,0.009575404328567832
766,0.05078125,0.0016927083333333334
767,0.86328125,0.02877604166666667
768,0.9540930662684656,0.03180310220894885
769,0.9363599839438088,0.031211999464793628
770,0.3046875,0.01015625
771,0.05078125,0.0016927083333333334
772,1.0760353957243054,0.035867846524143515
773,0.47906935436224934,0.015968978478741645
774,0.57452425971407,0.019150808657135664
775,0.6114872247042963,0.02038290749014321
776,0.7932284827092695,0.026440949423642317
777,0.287262129857035,0.009575404328567832
778,1.0357383386985344,0.03452461128995114
779,0.8868564045134717,0.029561880150449055
780,0.609375,0.0203125
781,1.6634250906567936,0.05544750302189312
782,1.4363106492851747,0.047877021642839156
783,0.66015625,0.022005208333333335
784,0.5469308007245981,0.018231026690819937
785,0.20937645755089682,0.006979215251696561
786,0.6813019618944672,0.02271006539648224
787,0.5398120920529315,0.017993736401764382
788,0.20937645755089682,0.006979215251696561
789,0.25390625000000006,0.008463541666666668
790,0.3661888014143114,0.012206293380477047
791,1.796824048190654,0.05989413493968847
792,2.0838882724443866,0.06946294241481289
793,2.2267319166784247,0.07422439722261416
794,2.2267319166784048,0.0742243972226135
795,2.2267319166784247,0.07422439722261416
796,2.2267319166784247,0.07422439722261416
797,2.2267319166784048,0.0742243972226135
798,2.2267319166784247,0.07422439722261416
799,1.4787723212601052,0.04929241070867017
800,1.0760353957243054,0.035867846524143515
801,0.41875291510179363,0.013958430503393121
802,0.7323776028286229,0.024412586760954095
803,1.5098351071495357,0.050327836904984526
804,3.256341469444659,0.10854471564815531
805,1.8400759540305835,0.06133586513435278
806,3.579627908304725,0.11932093027682417
807,1.1844121036404518,0.03948040345468173
808,1.9436685134145335,0.06478895044715112
809,0.9540930662684656,0.03180310220894885
810,0.8188230525615714,0.02729410175205238
811,0.287262129857035,0.009575404328567832
812,0.2271006539648224,0.007570021798827414
813,0.203125,0.0067708333333333336
814,0.20937645755089682,0.006979215251696561
815,0.45703125000000006,0.015234375000000001
816,1.2198074839299693,0.04066024946433231
817,1.8393751061841628,0.061312503539472096
818,1.0168937387832433,0.03389645795944144
819,0.4094115262807857,0.01364705087602619
820,0.2271006539648224,0.007570021798827414
821,2.433794383784108,0.08112647945947025
822,0.9430679562676685,0.03143559854225562
823,0.9430679562676875,0.03143559854225625
824,0.9430679562676685,0.03143559854225562
825,0.3046875,0.01015625
826,1.14116666291084,0.03803888876369466
827,1.1844121036404518,0.03948040345468173
828,1.2271843566931988,0.04090614522310663
829,1.2271843566931988,0.04090614522310663
830,0.5001373102474584,0.016671243674915282
831,0.203125,0.0067708333333333336
832,0.05078125,0.0016927083333333334
833,1.135503269824112,0.03785010899413707
834,0.1015625,0.0033854166666666668
835,0.7323776028286229,0.024412586760954095
836,0.4094115262807857,0.01364705087602619
837,0.15234375,0.005078125
838,0.66015625,0.022005208333333335
839,2.475813791597434,0.08252712638658113
840,2.315981332232624,0.07719937774108747
841,1.8344616741128887,0.06114872247042962
842,2.32542641943936,0.077514213981312
843,0.9363599839438088,0.031211999464793628
844,1.14904851942814,0.03830161731427133
845,2.267028794626143,0.07556762648753809
846,3.251586526821369,0.10838621756071229
847,2.234375,0.07447916666666667
848,1.9115616634479942,0.06371872211493314
849,0.4542013079296448,0.015140043597654827
850,0.5001373102474584,0.016671243674915282
851,0.3046875,0.01015625
852,1.8281250000000002,0.060937500000000006
853,0.609375,0.0203125
854,1.7265625,0.05755208333333334
855,0.6114872247042963,0.02038290749014321
856,0.594379292341231,0.019812643078041033
857,1.0206904927700906,0.03402301642566968
858,2.702879437003538,0.09009598123345126
859,0.32515865268213684,0.010838621756071228
860,0.7323776028286229,0.024412586760954095
861,0.32515865268213684,0.010838621756071228
862,2.710025513025662,0.09033418376752206
863,0.8188230525615714,0.02729410175205238
864,0.8188230525615714,0.02729410175205238
865,1.5477871758098924,0.051592905860329746
866,2.08203125,0.06940104166666666
867,0.8266588583956882,0.027555295279856274
868,1.2229744494085926,0.04076581498028642
869,0.9322198310895143,0.031073994369650478
870,2.28515625,0.076171875
871,2.28515625,0.076171875
872,2.408230845592686,0.0802743615197562
873,0.9084026158592896,0.030280087195309655
874,2.1550643536015492,0.07183547845338498
875,1.0938616014491962,0.036462053381639874
876,1.8456731561720408,0.061522438539068025
877,1.2355611389668257,0.04118537129889419
878,1.0603436298112279,0.035344787660374265
879,0.4094115262807857,0.01364705087602619
880,0.8512488671293857,0.02837496223764619
881,0.9084026158592896,0.030280087195309655
882,1.4787723212601052,0.04929241070867017
883,0.7054756713392478,0.02351585571130826
884,2.721893948161659,0.0907297982720553
885,0.8868564045134717,0.029561880150449055
886,1.0566893617457132,0.03522297872485711
887,1.15910358388026,0.038636786129341995
888,0.8188230525615714,0.02729410175205238
889,0.41875291510179363,0.013958430503393121
890,1.9115616634479942,0.06371872211493314
891,0.6423376497217022,0.021411254990723404
892,1.1137197601288946,0.03712399200429649
893,0.6281293726526905,0.020937645755089683
894,1.0156250000000002,0.03385416666666667
895,0.8375058302035873,0.027916861006786243
896,0.7054756713392478,0.02351585571130826
897,0.20937645755089682,0.006979215251696561
898,0.55859375,0.018619791666666666
899,1.272574477498763,0.04241914924995877
900,0.8617863895711048,0.028726212985703492
901,0.9322198310895143,0.031073994369650478
902,1.0603436298112279,0.035344787660374265
903,0.25390625000000006,0.008463541666666668
904,0.2271006539648224,0.007570021798827414
905,0.3661888014143114,0.012206293380477047
906,0.4542013079296448,0.015140043597654827
907,0.8375058302035873,0.027916861006786243
908,1.26953125,0.042317708333333336
909,0.4094115262807857,0.01364705087602619
910,1.0357383386985344,0.03452461128995114
911,0.6114872247042963,0.02038290749014321
912,0.3661888014143114,0.012206293380477047
913,0.3661888014143114,0.012206293380477047
914,0.32515865268213684,0.010838621756071228
915,0.2271006539648224,0.007570021798827414
916,0.898412024095327,0.029947067469844234
917,1.3203125,0.04401041666666667
918,1.7473473198680336,0.058244910662267786
919,1.9436685134145335,0.06478895044715112
920,1.9614976789512781,0.0653832559650426
921,0.7323776028286229,0.024412586760954095
922,1.0468822877544843,0.03489607625848281
923,1.4008631633885813,0.046695438779619375
924,1.0156250000000002,0.03385416666666667
925,0.8188230525615714,0.02729410175205238
926,1.26953125,0.042317708333333336
927,0.4094115262807857,0.01364705087602619
928,1.0603436298112279,0.035344787660374265
929,1.2397283047229541,0.04132427682409847
930,1.3203125,0.04401041666666667
931,1.2113217636280886,0.04037739212093629
932,1.589704577753757,0.0529901525917919
933,0.6177805694834129,0.020592685649447096
934,0.47906935436224934,0.015968978478741645
935,0.57452425971407,0.019150808657135664
936,0.9581387087244987,0.03193795695748329
937,1.0156250000000002,0.03385416666666667
938,1.4008631633885813,0.046695438779619375
939,0.5398120920529315,0.017993736401764382
940,1.1855002178833889,0.0395166739294463
941,0.8375058302035873,0.027916861006786243
942,0.29128729315609647,0.009709576438536548
943,0.29128729315614244,0.009709576438538082
944,0.29128729315609647,0.009709576438536548
945,0.29128729315614244,0.009709576438538082
946,0.29128729315609647,0.009709576438536548
947,0.29128729315614244,0.009709576438538082
948,0.29128729315609647,0.009709576438536548
949,0.29128729315609647,0.009709576438536548
950,0.29128729315614244,0.009709576438538082
951,0.29128729315609647,0.009709576438536548
952,0.29128729315614244,0.009709576438538082
953,0.29128729315609647,0.009709576438536548
954,0.29128729315614244,0.009709576438538082
955,0.29128729315609647,0.009709576438536548
956,4.480564106439508,0.14935213688131693
957,1.5098351071495357,0.050327836904984526
958,3.5993841704172116,0.11997947234724039
959,2.0031256093992837,0.06677085364664279
960,0.6906996742717217,0.02302332247572406
961,0.8188230525615714,0.02729410175205238
962,0.4094115262807857,0.01364705087602619
963,0.15234375,0.005078125
964,0.3661888014143114,0.012206293380477047
965,0.0,0.0
966,0.287262129857035,0.009575404328567832
967,0.8677503803838117,0.02892501267946039
968,0.8375058302035873,0.027916861006786243
969,0.40625,0.013541666666666667
970,1.6376461051231428,0.05458820350410476
971,2.640625,0.08802083333333334
972,5.485315312908753,0.1828438437636251
973,0.9033418376752169,0.030111394589173897
974,0.903341837675228,0.030111394589174268
975,0.9033418376752169,0.030111394589173897
976,6.924894410578132,0.23082981368593772
977,1.8973440781211113,0.06324480260403705
978,1.8973440781211113,0.06324480260403705
979,1.6257932634106844,0.054193108780356145
980,2.0108349089992448,0.06702783029997482
981,0.7054756713392478,0.02351585571130826
982,1.7416192055886932,0.0580539735196231
983,1.7416192055886932,0.0580539735196231
984,2.4375,0.08125
985,2.844203367878528,0.09480677892928427
986,1.6880469672010205,0.056268232240034015
987,0.40625,0.013541666666666667
988,1.3860583814955498,0.04620194604985166
989,2.4375,0.08125
990,2.8113740150572393,0.09371246716857465
991,3.454618243313037,0.1151539414437679
992,2.197132808485869,0.07323776028286229
993,0.9084026158592896,0.030280087195309655
994,3.656602630564547,0.12188675435215157
995,3.48915600034257,0.116305200011419
996,2.8478277126020215,0.09492759042006739
997,1.8843881179580717,0.06281293726526906
998,3.3314977042052725,0.11104992347350909
999,1.272574477498763,0.04241914924995877
1000,2.3475002548006385,0.07825000849335462
1001,2.0470576314039284,0.06823525438013095
1002,1.3813993485434435,0.04604664495144812
1003,1.0566893617457132,0.03522297872485711
1004,0.43387519019190585,0.014462506339730195
1005,0.1015625,0.0033854166666666668
1006,0.6423376497217022,0.021411254990723404
1007,0.8188230525615714,0.02729410175205238
1008,0.6423376497217022,0.021411254990723404
1009,0.4542013079296448,0.015140043597654827
1010,0.86328125,0.02877604166666667
1011,0.3661888014143114,0.012206293380477047
1012,0.9084026158592896,0.030280087195309655
1013,0.6423376497217022,0.021411254990723404
1014,1.554437205040481,0.05181457350134937
1015,0.7323776028286229,0.024412586760954095
1016,1.15910358388026,0.038636786129341995
1017,0.32515865268213684,0.010838621756071228
1018,0.6423376497217022,0.021411254990723404
1019,1.4935213688131692,0.04978404562710564
1020,1.4109513426784956,0.04703171142261652
1021,3.0738390211793787,0.1024613007059793
1022,2.291354441325316,0.07637848137751053
1023,0.8677503803838117,0.02892501267946039
1024,1.135503269824112,0.03785010899413707
1025,1.0566893617457132,0.03522297872485711
1026,0.6423376497217022,0.021411254990723404
1027,1.2282345788423572,0.04094115262807857
1028,1.430012983783386,0.0476670994594462
1029,0.41875291510179363,0.013958430503393121
1030,1.0938616014491962,0.036462053381639874
1031,1.8973440781211113,0.06324480260403705
1032,1.8344616741128887,0.06114872247042962
1033,1.4227815190592557,0.04742605063530852
1034,1.256258745305381,0.041875291510179366
1035,0.4542013079296448,0.015140043597654827
1036,0.6114872247042963,0.02038290749014321
1037,0.32515865268213684,0.010838621756071228
1038,0.6423376497217022,0.021411254990723404
1039,1.15910358388026,0.038636786129341995
1040,1.7539758477282583,0.05846586159094194
1041,0.6281293726526905,0.020937645755089683
1042,1.7183282508121267,0.05727760836040422
1043,1.7473473198680336,0.058244910662267786
1044,1.3006346107285474,0.04335448702428491
1045,0.8677503803838117,0.02892501267946039
1046,1.0168937387832433,0.03389645795944144
1047,0.20937645755089682,0.006979215251696561
1048,0.6177805694834129,0.020592685649447096
1049,1.5098351071495357,0.050327836904984526
1050,1.256258745305381,0.041875291510179366
1051,1.135503269824112,0.03785010899413707
1052,1.2229744494085926,0.04076581498028642
1053,0.4542013079296448,0.015140043597654827
1054,1.0357383386985344,0.03452461128995114
1055,1.5098351071495357,0.050327836904984526
1056,1.1137197601288946,0.03712399200429649
1057,0.25390625000000006,0.008463541666666668
1058,0.41875291510179363,0.013958430503393121
1059,0.05078125,0.0016927083333333334
1060,0.3661888014143114,0.012206293380477047
1061,0.7932284827092695,0.026440949423642317
1062,1.3663836922809236,0.04554612307603079
1063,1.9436685134145335,0.06478895044715112
1064,2.152070791448611,0.07173569304828703
1065,0.7054756713392478,0.02351585571130826
1066,2.08203125,0.06940104166666666
1067,1.6903368804860321,0.056344562682867735
1068,1.9804687500000002,0.06601562500000001
1069,1.3860583814955498,0.04620194604985166
1070,1.0357383386985344,0.03452461128995114
1071,0.40625,0.013541666666666667
1072,0.8868564045134717,0.029561880150449055
1073,1.4227815190592557,0.04742605063530852
1074,1.2355611389668257,0.04118537129889419
1075,2.1693759509595294,0.07231253169865098
1076,1.2229744494085926,0.04076581498028642
1077,0.4094115262807857,0.01364705087602619
1078,1.3406634700919773,0.044688782336399245
1079,1.4787723212601052,0.04929241070867017
1080,2.0031256093992837,0.06677085364664279
1081,0.9859935230715577,0.032866450769051925
1082,0.9363599839438088,0.031211999464793628
1083,0.5398120920529315,0.017993736401764382
1084,0.8266588583956882,0.027555295279856274
1085,1.256258745305381,0.041875291510179366
1086,1.4787723212601052,0.04929241070867017
1087,0.8266588583956882,0.027555295279856274
1088,0.4094115262807857,0.01364705087602619
1089,0.2271006539648224,0.007570021798827414
1090,0.898412024095327,0.029947067469844234
1091,0.8188230525615714,0.02729410175205238
1092,0.9859935230715577,0.032866450769051925
1093,0.5078125000000001,0.016927083333333336
1094,0.47906935436224934,0.015968978478741645
1095,0.25390625000000006,0.008463541666666668
1096,0.287262129857035,0.009575404328567832
1097,0.6114872247042963,0.02038290749014321
1098,0.287262129857035,0.009575404328567832
1099,0.43387519019190585,0.014462506339730195
1100,1.135503269824112,0.03785010899413707
1101,0.4094115262807857,0.01364705087602619
1102,1.830944007071557,0.061031466902385235
1103,2.4564691576847144,0.08188230525615714
1104,2.850995234672447,0.09503317448908156
1105,2.6716922452118244,0.08905640817372748
1106,2.041380985540181,0.06804603285133937
1107,0.6423376497217022,0.021411254990723404
1108,1.0269872242579567,0.03423290747526522
1109,1.4443673007286142,0.048145576690953804
1110,1.9115616634479942,0.06371872211493314
1111,2.6798839441478735,0.08932946480492912
1112,2.46328323223834,0.08210944107461132
1113,0.8868564045134717,0.029561880150449055
1114,1.6321254909363012,0.05440418303121004
1115,1.6750116604071745,0.055833722013572486
1116,1.079624184105863,0.035987472803528764
1117,1.586456965418539,0.052881898847284635
1118,0.41875291510179363,0.013958430503393121
1119,0.25390625000000006,0.008463541666666668
1120,1.0168937387832433,0.03389645795944144
1121,1.21875,0.040625
1122,1.0603436298112279,0.035344787660374265
1123,1.256258745305381,0.041875291510179366
1124,1.7024977342587715,0.05674992447529238
1125,0.43387519019190585,0.014462506339730195
1126,0.287262129857035,0.009575404328567832
1127,0.8868564045134717,0.029561880150449055
1128,1.2229744494085926,0.04076581498028642
1129,1.3663836922809236,0.04554612307603079
1130,1.1855002178833889,0.0395166739294463
1131,0.47906935436224934,0.015968978478741645
1132,1.26953125,0.042317708333333336
1133,1.8168052317185792,0.06056017439061931
1134,1.9162774174489974,0.06387591391496658
1135,1.5234375,0.05078125
1136,1.1137197601288946,0.03712399200429649
1137,0.43387519019190585,0.014462506339730195
1138,0.20937645755089682,0.006979215251696561
1139,0.20937645755089682,0.006979215251696561
1140,0.5398120920529315,0.017993736401764382
1141,0.66015625,0.022005208333333335
1142,1.7183282508121267,0.05727760836040422
1143,0.6813019618944672,0.02271006539648224
1144,2.0937645755089687,0.06979215251696562
1145,1.9614976789512781,0.0653832559650426
1146,1.5234375,0.05078125
1147,1.7737128090269434,0.05912376030089811
1148,1.4363106492851747,0.047877021642839156
1149,0.66015625,0.022005208333333335
1150,1.6281707347223295,0.054272357824077654
1151,1.4656352028562778,0.04885450676187593
1152,1.2355611389668257,0.04118537129889419
1153,1.2355611389668257,0.04118537129889419
1154,1.4254976173362235,0.04751658724454078
1155,0.609375,0.0203125
1156,2.3359375,0.07786458333333333
1157,1.2229744494085926,0.04076581498028642
1158,0.8125,0.027083333333333334
1159,1.21875,0.040625
1160,0.8375058302035873,0.027916861006786243
1161,0.3046875,0.01015625
1162,0.8868564045134717,0.029561880150449055
1163,1.0357383386985344,0.03452461128995114
1164,0.7323776028286229,0.024412586760954095
1165,0.7932284827092695,0.026440949423642317
1166,1.4227815190592557,0.04742605063530852
1167,0.6177805694834129,0.020592685649447096
1168,0.66015625,0.022005208333333335
1169,0.9084026158592896,0.030280087195309655
1170,0.4094115262807857,0.01364705087602619
1171,0.5398120920529315,0.017993736401764382
1172,0.05078125,0.0016927083333333334
1173,0.15234375,0.005078125
1174,0.2271006539648224,0.007570021798827414
1175,0.6281293726526905,0.020937645755089683
1176,0.41875291510179363,0.013958430503393121
1177,1.2198074839299693,0.04066024946433231
1178,1.2198074839299693,0.04066024946433231
1179,0.40625,0.013541666666666667
1180,1.7183282508121267,0.05727760836040422
1181,1.4656352028562778,0.04885450676187593
1182,1.6281707347223295,0.054272357824077654
1183,0.6423376497217022,0.021411254990723404
1184,1.1844121036404518,0.03948040345468173
1185,0.4094115262807857,0.01364705087602619
1186,0.25390625000000006,0.008463541666666668
1187,0.203125,0.0067708333333333336
1188,0.5001373102474584,0.016671243674915282
1189,1.0357383386985344,0.03452461128995114
1190,1.625,0.05416666666666667
1191,0.609375,0.0203125
1192,1.8281250000000002,0.060937500000000006
1193,2.106656958320235,0.07022189861067449
1194,1.8843881179580717,0.06281293726526906
1195,1.82883015913905,0.060961005304634996
1196,1.8533417084502388,0.06177805694834129
1197,0.8188230525615714,0.02729410175205238
1198,1.644716809602511,0.054823893653417034
1199,1.4647552056572457,0.04882517352190819
1200,1.4541537017390047,0.048471790057966826
1201,1.4254976173362235,0.04751658724454078
1202,1.4647552056572457,0.04882517352190819
1203,0.5001373102474584,0.016671243674915282
1204,1.6376461051231428,0.05458820350410476
1205,1.7598469130087886,0.05866156376695962
1206,1.2229744494085926,0.04076581498028642
1207,1.6257932634106844,0.054193108780356145
1208,1.4024984923135781,0.04674994974378594
1209,1.402498492313557,0.046749949743785234
1210,1.4024984923135781,0.04674994974378594
1211,1.8456731561720408,0.061522438539068025
1212,1.7183282508121267,0.05727760836040422
1213,0.8266588583956882,0.027555295279856274
1214,0.8375058302035873,0.027916861006786243
1215,0.203125,0.0067708333333333336
1216,1.1844121036404518,0.03948040345468173
1217,1.9614976789512781,0.0653832559650426
1218,2.0539744485159135,0.06846581495053045
1219,2.7482932603211334,0.09160977534403777
1220,2.0470576314039284,0.06823525438013095
1221,0.8266588583956882,0.027555295279856274
1222,2.255053461291162,0.0751684487097054
1223,2.4506886040027736,0.08168962013342579
1224,0.4094115262807857,0.01364705087602619
1225,1.4227815190592557,0.04742605063530852
1226,1.9115616634479942,0.06371872211493314
1227,0.6177805694834129,0.020592685649447096
1228,1.4443673007286142,0.048145576690953804
1229,5.301718149056138,0.17672393830187128
1230,0.7883369962944543,0.02627789987648181
1231,1.2397283047229541,0.04132427682409847
1232,2.0005492409898338,0.06668497469966113
1233,0.8188230525615714,0.02729410175205238
1234,1.2355611389668257,0.04118537129889419
1235,1.256258745305381,0.041875291510179366
1236,1.4227815190592557,0.04742605063530852
1237,1.3329473572600543,0.04443157857533514
1238,0.4094115262807857,0.01364705087602619
1239,0.05078125,0.0016927083333333334
1240,0.9363599839438088,0.031211999464793628
1241,1.6194362761587944,0.053981209205293146
1242,0.41875291510179363,0.013958430503393121
1243,2.28233332582168,0.07607777752738933
1244,3.3081947995895358,0.11027315998631786
1245,1.14116666291084,0.03803888876369466
1246,0.3661888014143114,0.012206293380477047
1247,0.47906935436224934,0.015968978478741645
1248,1.830944007071557,0.061031466902385235
1249,1.6321254909363012,0.05440418303121004
1250,1.0938616014491962,0.036462053381639874
1251,0.2271006539648224,0.007570021798827414
1252,2.721893948161659,0.0907297982720553
1253,1.3203125,0.04401041666666667
1254,1.6257932634106844,0.054193108780356145
1255,0.7054756713392478,0.02351585571130826
1256,1.2355611389668257,0.04118537129889419
1257,0.40625,0.013541666666666667
1258,2.021706094422867,0.0673902031474289
1259,2.021706094422867,0.0673902031474289
1260,2.021706094422867,0.0673902031474289
1261,2.021706094422867,0.0673902031474289
1262,2.021706094422867,0.0673902031474289
1263,2.021706094422867,0.0673902031474289
1264,0.8188230525615714,0.02729410175205238
1265,1.0468822877544843,0.03489607625848281
1266,2.0005492409898338,0.06668497469966113
1267,2.850995234672447,0.09503317448908156
1268,2.062118957462581,0.06873729858208603
1269,0.6114872247042963,0.02038290749014321
1270,2.2395625150437444,0.07465208383479148
1271,3.490264431354915,0.1163421477118305
1272,3.665055585702495,0.12216851952341651
1273,3.6689233482257775,0.12229744494085924
1274,2.445948898817185,0.08153162996057284
1275,0.8188230525615714,0.02729410175205238
1276,2.08203125,0.06940104166666666
1277,1.4935213688131692,0.04978404562710564
1278,2.0838882724443866,0.06946294241481289
1279,1.2113217636280886,0.04037739212093629
1280,1.0603436298112279,0.035344787660374265
1281,0.2271006539648224,0.007570021798827414
1282,1.0269872242579567,0.03423290747526522
1283,1.0603436298112279,0.035344787660374265
1284,1.0938616014491962,0.036462053381639874
1285,1.21875,0.040625
1286,1.8843881179580717,0.06281293726526906
1287,0.6281293726526905,0.020937645755089683
1288,1.1137197601288946,0.03712399200429649
1289,1.0760353957243054,0.035867846524143515
1290,0.7883369962944543,0.02627789987648181
1291,0.8868564045134717,0.029561880150449055
1292,0.4542013079296448,0.015140043597654827
1293,0.1015625,0.0033854166666666668
1294,0.287262129857035,0.009575404328567832
1295,0.6114872247042963,0.02038290749014321
1296,0.8188230525615714,0.02729410175205238
1297,1.0760353957243054,0.035867846524143515
1298,0.6114872247042963,0.02038290749014321
1299,0.203125,0.0067708333333333336
1300,1.3626039237889345,0.04542013079296448
1301,0.6423376497217022,0.021411254990723404
1302,0.7393861606300526,0.024646205354335086
1303,0.77514213981312,0.025838071327104
1304,0.4542013079296448,0.015140043597654827
1305,0.4094115262807857,0.01364705087602619
1306,0.287262129857035,0.009575404328567832
1307,0.43387519019190585,0.014462506339730195
1308,0.32515865268213684,0.010838621756071228
1309,0.6177805694834129,0.020592685649447096
1310,0.41875291510179363,0.013958430503393121
1311,0.203125,0.0067708333333333336
1312,0.0,0.0
1313,0.1015625,0.0033854166666666668
1314,0.4542013079296448,0.015140043597654827
1315,0.203125,0.0067708333333333336
1316,0.1015625,0.0033854166666666668
1317,0.0,0.0
1318,0.25390625000000006,0.008463541666666668
1319,0.32515865268213684,0.010838621756071228
1320,0.4094115262807857,0.01364705087602619
1321,0.1015625,0.0033854166666666668
1322,0.0,0.0
1323,0.05078125,0.0016927083333333334
1324,0.7054756713392478,0.02351585571130826
1325,1.7183282508121267,0.05727760836040422
1326,1.6750116604071745,0.055833722013572486
1327,1.5234375,0.05078125
1328,1.2449176463883314,0.04149725487961105
1329,0.25390625000000006,0.008463541666666668
1330,1.0468822877544843,0.03489607625848281
1331,1.6376461051231428,0.05458820350410476
1332,1.0357383386985344,0.03452461128995114
1333,1.4541537017390047,0.048471790057966826
1334,1.0206904927700906,0.03402301642566968
1335,0.4094115262807857,0.01364705087602619
1336,0.4542013079296448,0.015140043597654827
1337,0.8375058302035873,0.027916861006786243
1338,0.76171875,0.025390625
1339,1.2355611389668257,0.04118537129889419
1340,0.8617863895711048,0.028726212985703492
1341,0.32515865268213684,0.010838621756071228
1342,0.7054756713392478,0.02351585571130826
1343,1.26953125,0.042317708333333336
1344,1.2198074839299693,0.04066024946433231
1345,1.430012983783386,0.0476670994594462
1346,1.6533177167913764,0.05511059055971255
1347,0.6423376497217022,0.021411254990723404
1348,0.7323776028286229,0.024412586760954095
1349,0.35546875,0.011848958333333333
1350,0.4542013079296448,0.015140043597654827
1351,1.0168937387832433,0.03389645795944144
1352,0.5078125000000001,0.016927083333333336
1353,0.15234375,0.005078125
1354,0.6281293726526905,0.020937645755089683
1355,0.8677503803838117,0.02892501267946039
1356,0.47906935436224934,0.015968978478741645
1357,0.6177805694834129,0.020592685649447096
1358,1.26953125,0.042317708333333336
1359,0.4094115262807857,0.01364705087602619
1360,0.5398120920529315,0.017993736401764382
1361,0.8512488671293857,0.02837496223764619
1362,1.0468822877544843,0.03489607625848281
1363,0.77514213981312,0.025838071327104
1364,0.2271006539648224,0.007570021798827414
1365,0.05078125,0.0016927083333333334
1366,0.287262129857035,0.009575404328567832
1367,0.3046875,0.01015625
1368,0.5001373102474584,0.016671243674915282
1369,1.0168937387832433,0.03389645795944144
1370,1.4254976173362235,0.04751658724454078
1371,0.4094115262807857,0.01364705087602619
1372,1.4363106492851747,0.047877021642839156
1373,1.2229744494085926,0.04076581498028642
1374,1.625,0.05416666666666667
1375,1.4227815190592557,0.04742605063530852
1376,1.0760353957243054,0.035867846524143515
1377,0.47906935436224934,0.015968978478741645
1378,0.8677503803838117,0.02892501267946039
1379,1.5098351071495357,0.050327836904984526
1380,0.609375,0.0203125
1381,0.9322198310895143,0.031073994369650478
1382,1.5676526369189898,0.052255087897299664
1383,0.6423376497217022,0.021411254990723404
1384,2.3953467718112473,0.07984489239370825
1385,2.3953467718112473,0.07984489239370825
1386,1.3329473572600543,0.04443157857533514
1387,0.38757106990656,0.012919035663552
1388,0.38757106990656,0.012919035663552
1389,0.1015625,0.0033854166666666668
1390,0.6177805694834129,0.020592685649447096
1391,3.648130089431305,0.12160433631437684
1392,2.1930210739215577,0.07310070246405193
1393,0.6281293726526905,0.020937645755089683
1394,0.7932284827092695,0.026440949423642317
1395,0.287262129857035,0.009575404328567832
1396,0.8677503803838117,0.02892501267946039
1397,1.7024977342587715,0.05674992447529238
1398,2.315981332232624,0.07719937774108747
1399,1.7737128090269434,0.05912376030089811
1400,1.2282345788423572,0.04094115262807857
1401,0.41875291510179363,0.013958430503393121
1402,1.0269872242579567,0.03423290747526522
1403,2.412510246294627,0.08041700820982091
1404,1.8344616741128887,0.06114872247042962
1405,3.453125,0.11510416666666667
1406,1.0985664042429344,0.036618880141431144
1407,0.40625,0.013541666666666667
1408,1.4227815190592557,0.04742605063530852
1409,2.7482932603211334,0.09160977534403777
1410,1.7183282508121267,0.05727760836040422
1411,1.9436685134145335,0.06478895044715112
1412,1.4656352028562778,0.04885450676187593
1413,0.41875291510179363,0.013958430503393121
1414,2.1550643536015492,0.07183547845338498
1415,0.6114872247042963,0.02038290749014321
1416,0.8617863895711048,0.028726212985703492
1417,0.9322198310895143,0.031073994369650478
1418,0.6114872247042963,0.02038290749014321
1419,0.287262129857035,0.009575404328567832
1420,1.26953125,0.042317708333333336
1421,2.271006539648224,0.07570021798827414
1422,1.1137197601288946,0.03712399200429649
1423,0.45703125000000006,0.015234375000000001
1424,0.1015625,0.0033854166666666668
1425,0.25390625000000006,0.008463541666666668
1426,0.287262129857035,0.009575404328567832
1427,0.5078125000000001,0.016927083333333336
1428,0.32515865268213684,0.010838621756071228
1429,0.5398120920529315,0.017993736401764382
1430,0.6813019618944672,0.02271006539648224
1431,0.287262129857035,0.009575404328567832
1432,2.0337874775664866,0.06779291591888288
1433,1.0938616014491962,0.036462053381639874
1434,1.2846752994434043,0.04282250998144681
1435,1.2355611389668257,0.04118537129889419
1436,0.6503173053642737,0.021677243512142456
1437,0.203125,0.0067708333333333336
1438,0.8188230525615714,0.02729410175205238
1439,1.0985664042429344,0.036618880141431144
1440,1.5477871758098924,0.051592905860329746
1441,1.14116666291084,0.03803888876369466
1442,1.4865988686559204,0.049553295621864016
1443,0.4094115262807857,0.01364705087602619
1444,1.0938616014491962,0.036462053381639874
1445,2.22570227351988,0.074190075783996
1446,0.5001373102474584,0.016671243674915282
1447,0.32515865268213684,0.010838621756071228
1448,1.0760353957243054,0.035867846524143515
1449,0.4542013079296448,0.015140043597654827
1450,0.43387519019190585,0.014462506339730195
1451,0.5001373102474584,0.016671243674915282
1452,1.0855791337641225,0.03618597112547075
1453,1.1844121036404518,0.03948040345468173
1454,2.0470576314039284,0.06823525438013095
1455,0.86328125,0.02877604166666667
1456,0.3661888014143114,0.012206293380477047
1457,1.3710937500000002,0.045703125000000004
1458,1.16796875,0.03893229166666667
1459,1.0002746204949169,0.033342487349830564
1460,0.32515865268213684,0.010838621756071228
1461,0.1015625,0.0033854166666666668
1462,0.32515865268213684,0.010838621756071228
1463,0.6114872247042963,0.02038290749014321
1464,0.594379292341231,0.019812643078041033
1465,0.05078125,0.0016927083333333334
1466,0.7054756713392478,0.02351585571130826
1467,0.41875291510179363,0.013958430503393121
1468,0.8512488671293857,0.02837496223764619
1469,1.0468822877544843,0.03489607625848281
1470,0.6281293726526905,0.020937645755089683
1471,0.8375058302035873,0.027916861006786243
1472,0.40625,0.013541666666666667
1473,0.0,0.0
1474,0.35546875,0.011848958333333333
1475,0.9363599839438088,0.031211999464793628
1476,1.2229744494085926,0.04076581498028642
1477,1.2397283047229541,0.04132427682409847
1478,1.0760353957243054,0.035867846524143515
1479,0.43387519019190585,0.014462506339730195
1480,1.6257932634106844,0.054193108780356145
1481,1.430012983783386,0.0476670994594462
1482,0.8188230525615714,0.02729410175205238
1483,0.7054756713392478,0.02351585571130826
1484,1.0603436298112279,0.035344787660374265
1485,0.32515865268213684,0.010838621756071228
1486,1.2229744494085926,0.04076581498028642
1487,1.421875,0.04739583333333333
1488,1.421875,0.04739583333333333
1489,1.0269872242579567,0.03423290747526522
1490,0.6281293726526905,0.020937645755089683
1491,0.203125,0.0067708333333333336
1492,0.4094115262807857,0.01364705087602619
1493,0.40625,0.013541666666666667
1494,0.8125,0.027083333333333334
1495,1.430012983783386,0.0476670994594462
1496,1.0206904927700906,0.03402301642566968
1497,0.4094115262807857,0.01364705087602619
1498,1.26953125,0.042317708333333336
1499,1.8533417084502388,0.06177805694834129
1500,1.6376461051231428,0.05458820350410476
1501,1.0357383386985344,0.03452461128995114
1502,0.8266588583956882,0.027555295279856274
1503,0.203125,0.0067708333333333336
1504,1.1855002178833889,0.0395166739294463
1505,1.830944007071557,0.061031466902385235
1506,2.08203125,0.06940104166666666
1507,1.8344616741128887,0.06114872247042962
1508,1.4656352028562778,0.04885450676187593
1509,0.41875291510179363,0.013958430503393121
1510,0.6114872247042963,0.02038290749014321
1511,0.287262129857035,0.009575404328567832
1512,0.1015625,0.0033854166666666668
1513,0.6813019618944672,0.02271006539648224
1514,1.15910358388026,0.038636786129341995
1515,0.5398120920529315,0.017993736401764382
1516,1.4541537017390047,0.048471790057966826
1517,2.1206872596224557,0.07068957532074853
1518,1.7539758477282583,0.05846586159094194
1519,1.2229744494085926,0.04076581498028642
1520,1.6130542364491538,0.05376847454830513
1521,0.4094115262807857,0.01364705087602619
1522,0.8140853673611648,0.027136178912038827
1523,1.4443673007286142,0.048145576690953804
1524,1.0156250000000002,0.03385416666666667
1525,1.2846752994434043,0.04282250998144681
1526,0.609375,0.0203125
1527,0.4542013079296448,0.015140043597654827
1528,0.32515865268213684,0.010838621756071228
1529,0.3046875,0.01015625
1530,0.6503173053642737,0.021677243512142456
1531,1.1171875,0.03723958333333333
1532,3.6054687500000004,0.12018229166666668
1533,1.47265625,0.049088541666666666
1534,0.4542013079296448,0.015140043597654827
1535,0.6503173053642737,0.021677243512142456
1536,0.594379292341231,0.019812643078041033
1537,0.5078125000000001,0.016927083333333336
1538,0.86328125,0.02877604166666667
1539,0.32515865268213684,0.010838621756071228
1540,0.47906935436224934,0.015968978478741645
1541,0.47906935436224934,0.015968978478741645
1542,0.25390625000000006,0.008463541666666668
1543,2.762798697086887,0.09209328990289624
1544,1.8393751061841628,0.061312503539472096
1545,0.8140853673611648,0.027136178912038827
1546,1.8281250000000002,0.060937500000000006
1547,0.6114872247042963,0.02038290749014321
1548,1.6281707347223295,0.054272357824077654
1549,1.4443673007286142,0.048145576690953804
1550,1.2846752994434043,0.04282250998144681
1551,0.40625,0.013541666666666667
1552,0.6114872247042963,0.02038290749014321
1553,0.8125,0.027083333333333334
1554,0.9084026158592896,0.030280087195309655
1555,0.9859935230715577,0.032866450769051925
1556,1.1855002178833889,0.0395166739294463
1557,0.8188230525615714,0.02729410175205238
1558,0.43387519019190585,0.014462506339730195
1559,1.0002746204949169,0.033342487349830564
1560,0.41875291510179363,0.013958430503393121
1561,0.4542013079296448,0.015140043597654827
1562,0.25390625000000006,0.008463541666666668
1563,0.20937645755089682,0.006979215251696561
1564,0.43387519019190585,0.014462506339730195
1565,0.25390625000000006,0.008463541666666668
1566,0.8677503803838117,0.02892501267946039
1567,0.40625,0.013541666666666667
1568,0.6423376497217022,0.021411254990723404
1569,0.203125,0.0067708333333333336
1570,0.47906935436224934,0.015968978478741645
1571,0.7883369962944543,0.02627789987648181
1572,0.6906996742717217,0.02302332247572406
1573,0.287262129857035,0.009575404328567832
1574,0.609375,0.0203125
1575,0.203125,0.0067708333333333336
1576,0.05078125,0.0016927083333333334
1577,0.5001373102474584,0.016671243674915282
1578,0.9859935230715577,0.032866450769051925
1579,0.9140625000000001,0.030468750000000003
1580,0.45703125000000006,0.015234375000000001
1581,0.15234375,0.005078125
1582,0.25390625000000006,0.008463541666666668
1583,0.6423376497217022,0.021411254990723404
1584,0.4094115262807857,0.01364705087602619
1585,0.32515865268213684,0.010838621756071228
1586,0.1015625,0.0033854166666666668
1587,0.1015625,0.0033854166666666668
1588,0.0,0.0
1589,2.320986460411621,0.07736621534705403
1590,1.7384699686883436,0.05794899895627812
1591,1.188758584682462,0.03962528615608207
1592,1.0156250000000002,0.03385416666666667
1593,0.25390625000000006,0.008463541666666668
1594,1.0760353957243054,0.035867846524143515
1595,1.0156250000000002,0.03385416666666667
1596,0.6906996742717217,0.02302332247572406
1597,0.0,0.0
1598,0.287262129857035,0.009575404328567832
1599,0.15234375,0.005078125
1600,0.8375058302035873,0.027916861006786243
1601,1.4443673007286142,0.048145576690953804
1602,1.6533177167913764,0.05511059055971255
1603,2.5537466013881573,0.08512488671293858
1604,2.762798697086887,0.09209328990289624
1605,0.8868564045134717,0.029561880150449055
1606,1.4787723212601052,0.04929241070867017
1607,2.2435889566161626,0.07478629855387209
1608,1.830944007071557,0.061031466902385235
1609,1.6281707347223295,0.054272357824077654
1610,2.0470576314039284,0.06823525438013095
1611,0.6281293726526905,0.020937645755089683
1612,1.2282345788423572,0.04094115262807857
1613,1.3016255705757176,0.043387519019190586
1614,1.0156250000000002,0.03385416666666667
1615,2.6658947145201086,0.08886315715067028
1616,0.1015625,0.0033854166666666668
1617,0.203125,0.0067708333333333336
1618,1.6257932634106844,0.054193108780356145
1619,1.5937547870638893,0.05312515956879631
1620,1.3663836922809236,0.04554612307603079
1621,2.365010988883363,0.07883369962944543
1622,1.830944007071557,0.061031466902385235
1623,0.5469308007245981,0.018231026690819937
1624,0.898412024095327,0.029947067469844234
1625,0.76171875,0.025390625
1626,0.5078125000000001,0.016927083333333336
1627,0.8375058302035873,0.027916861006786243
1628,1.0468822877544843,0.03489607625848281
1629,0.25390625000000006,0.008463541666666668
1630,0.9084026158592896,0.030280087195309655
1631,1.586456965418539,0.052881898847284635
1632,1.9614976789512781,0.0653832559650426
1633,0.77514213981312,0.025838071327104
1634,1.4363106492851747,0.047877021642839156
1635,0.6114872247042963,0.02038290749014321
1636,0.86328125,0.02877604166666667
1637,0.6281293726526905,0.020937645755089683
1638,0.6423376497217022,0.021411254990723404
1639,1.1137197601288946,0.03712399200429649
1640,1.0760353957243054,0.035867846524143515
1641,0.43387519019190585,0.014462506339730195
1642,0.47906935436224934,0.015968978478741645
1643,1.2229744494085926,0.04076581498028642
1644,3.25,0.10833333333333334
1645,1.7024977342587715,0.05674992447529238
1646,1.21875,0.040625
1647,0.4542013079296448,0.015140043597654827
1648,2.4506886040027736,0.08168962013342579
1649,2.1446020056380726,0.07148673352126908
1650,2.144602005638047,0.07148673352126823
1651,2.1446020056380726,0.07148673352126908
1652,2.829203868803024,0.09430679562676747
1653,1.26953125,0.042317708333333336
1654,1.6880469672010205,0.056268232240034015
1655,2.445948898817185,0.08153162996057284
1656,1.7183282508121267,0.05727760836040422
1657,4.471346014419378,0.1490448671473126
1658,2.658145004186425,0.08860483347288084
1659,1.0269872242579567,0.03423290747526522
1660,0.43387519019190585,0.014462506339730195
1661,3.1635536820819183,0.10545178940273062
1662,1.940348838039503,0.06467829460131677
1663,1.8898540848208527,0.06299513616069509
1664,2.433794383784108,0.08112647945947025
1665,0.8868564045134717,0.029561880150449055
1666,4.047236952925416,0.1349078984308472
1667,2.621512867012875,0.0873837622337625
1668,3.046875,0.1015625
1669,2.9439988988791357,0.09813329662930452
1670,2.2487552166507725,0.07495850722169242
1671,0.8140853673611648,0.027136178912038827
1672,1.3860583814955498,0.04620194604985166
1673,2.0312500000000004,0.06770833333333334
1674,2.445948898817185,0.08153162996057284
1675,3.795027923280218,0.12650093077600727
1676,3.5993841704172116,0.11997947234724039
1677,1.26953125,0.042317708333333336
1678,2.0005492409898338,0.06668497469966113
1679,3.2116882486085103,0.10705627495361701
1680,7.901014200128044,0.26336714000426814
1681,1.8393751061841628,0.061312503539472096
1682,0.9859935230715577,0.032866450769051925
1683,0.45703125000000006,0.015234375000000001
1684,0.6177805694834129,0.020592685649447096
1685,0.7323776028286229,0.024412586760954095
1686,0.6906996742717217,0.02302332247572406
1687,0.57452425971407,0.019150808657135664
1688,1.2449176463883314,0.04149725487961105
1689,0.41875291510179363,0.013958430503393121
1690,1.2229744494085926,0.04076581498028642
1691,1.3203125,0.04401041666666667
1692,1.2282345788423572,0.04094115262807857
1693,0.6449818500656266,0.021499395002187553
1694,0.6449818500656062,0.021499395002186873
1695,0.6449818500656059,0.021499395002186863
1696,0.6449818500656062,0.021499395002186873
1697,0.6449818500656266,0.021499395002187553
1698,0.7883369962944543,0.02627789987648181
1699,0.203125,0.0067708333333333336
1700,0.7932284827092695,0.026440949423642317
1701,0.32515865268213684,0.010838621756071228
1702,1.079624184105863,0.035987472803528764
1703,1.421875,0.04739583333333333
1704,0.7323776028286229,0.024412586760954095
1705,0.7883369962944543,0.02627789987648181
1706,0.7323776028286229,0.024412586760954095
1707,0.5398120920529315,0.017993736401764382
1708,1.7183282508121267,0.05727760836040422
1709,1.3406634700919773,0.044688782336399245
1710,1.0168937387832433,0.03389645795944144
1711,2.850995234672447,0.09503317448908156
1712,2.0318846664738532,0.06772948888246177
1713,0.609375,0.0203125
1714,1.2282345788423572,0.04094115262807857
1715,0.8512488671293857,0.02837496223764619
1716,0.40625,0.013541666666666667
1717,0.5078125000000001,0.016927083333333336
1718,0.76171875,0.025390625
1719,0.25390625000000006,0.008463541666666668
1720,0.8266588583956882,0.027555295279856274
1721,1.9614976789512781,0.0653832559650426
1722,2.1693759509595294,0.07231253169865098
1723,1.7183282508121267,0.05727760836040422
1724,1.4363106492851747,0.047877021642839156
1725,0.41875291510179363,0.013958430503393121
1726,2.0539744485159135,0.06846581495053045
1727,1.6750116604071745,0.055833722013572486
1728,1.0760353957243054,0.035867846524143515
1729,1.2355611389668257,0.04118537129889419
1730,1.1137197601288946,0.03712399200429649
1731,0.4094115262807857,0.01364705087602619
1732,1.0156250000000002,0.03385416666666667
1733,1.4787723212601052,0.04929241070867017
1734,1.4787723212601052,0.04929241070867017
1735,2.0470576314039284,0.06823525438013095
1736,1.6321254909363012,0.05440418303121004
1737,0.609375,0.0203125
1738,1.0206904927700906,0.03402301642566968
1739,1.4254976173362235,0.04751658724454078
1740,0.6177805694834129,0.020592685649447096
1741,0.25390625000000006,0.008463541666666668
1742,0.2271006539648224,0.007570021798827414
1743,0.203125,0.0067708333333333336
1744,0.40625,0.013541666666666667
1745,1.0603436298112279,0.035344787660374265
1746,1.7355007607676234,0.05785002535892078
1747,1.8168052317185792,0.06056017439061931
1748,1.6281707347223295,0.054272357824077654
1749,0.6423376497217022,0.021411254990723404
1750,1.0760353957243054,0.035867846524143515
1751,1.6376461051231428,0.05458820350410476
1752,1.430012983783386,0.0476670994594462
1753,2.001193644047613,0.06670645480158709
1754,1.4935213688131692,0.04978404562710564
1755,0.7054756713392478,0.02351585571130826
1756,1.0156250000000002,0.03385416666666667
1757,0.7054756713392478,0.02351585571130826
1758,0.287262129857035,0.009575404328567832
1759,0.20937645755089682,0.006979215251696561
1760,0.7932284827092695,0.026440949423642317
1761,0.15234375,0.005078125
1762,0.5398120920529315,0.017993736401764382
1763,1.0468822877544843,0.03489607625848281
1764,2.4543687133863976,0.08181229044621326
1765,2.2366820475944387,0.07455606825314795
1766,1.9614976789512781,0.0653832559650426
1767,0.7323776028286229,0.024412586760954095
1768,1.3626039237889345,0.04542013079296448
1769,1.975253550032011,0.06584178500106704
1770,1.3173795548745861,0.04391265182915287
1771,1.3006346107285474,0.04335448702428491
1772,1.0269872242579567,0.03423290747526522
1773,0.25390625000000006,0.008463541666666668
1774,0.6813019618944672,0.02271006539648224
1775,1.0468822877544843,0.03489607625848281
1776,1.1844121036404518,0.03948040345468173
1777,2.0312500000000004,0.06770833333333334
1778,2.6798839441478735,0.08932946480492912
1779,0.86328125,0.02877604166666667
1780,0.4542013079296448,0.015140043597654827
1781,1.0156250000000002,0.03385416666666667
1782,0.77514213981312,0.025838071327104
1783,0.4542013079296448,0.015140043597654827
1784,0.25390625000000006,0.008463541666666668
1785,0.1015625,0.0033854166666666668
1786,0.6423376497217022,0.021411254990723404
1787,0.6503173053642737,0.021677243512142456
1788,1.0985664042429344,0.036618880141431144
1789,1.4541537017390047,0.048471790057966826
1790,1.1137197601288946,0.03712399200429649
1791,0.32515865268213684,0.010838621756071228
1792,1.3358461226059122,0.04452820408686374
1793,0.7323776028286229,0.024412586760954095
1794,0.8266588583956882,0.027555295279856274
1795,1.0269872242579567,0.03423290747526522
1796,0.57452425971407,0.019150808657135664
1797,0.4094115262807857,0.01364705087602619
1798,1.2355611389668257,0.04118537129889419
1799,0.8375058302035873,0.027916861006786243
1800,0.7932284827092695,0.026440949423642317
1801,1.4372080630867483,0.04790693543622494
1802,2.001193644047613,0.06670645480158709
1803,0.9581387087244987,0.03193795695748329
1804,4.89189779763437,0.16306325992114568
1805,3.289433619205022,0.10964778730683407
1806,0.6114872247042963,0.02038290749014321
1807,2.2395625150437444,0.07465208383479148
1808,2.438028913969554,0.0812676304656518
1809,1.0206904927700906,0.03402301642566968
1810,1.6321254909363012,0.05440418303121004
1811,1.26953125,0.042317708333333336
1812,2.315981332232624,0.07719937774108747
1813,3.0574361235214815,0.10191453745071605
1814,3.2819776908864817,0.10939925636288272
1815,1.2282345788423572,0.04094115262807857
1816,2.9870427376263384,0.09956809125421127
1817,2.9523085015426913,0.09841028338475638
1818,2.4506886040027736,0.08168962013342579
1819,3.002971449150668,0.10009904830502227
1820,7.118256171482702,0.23727520571609007
1821,2.4564691576847144,0.08188230525615714
1822,0.4542013079296448,0.015140043597654827
1823,2.438028913969554,0.0812676304656518
1824,0.6114872247042963,0.02038290749014321
1825,0.4542013079296448,0.015140043597654827
1826,0.6114872247042963,0.02038290749014321
1827,0.3046875,0.01015625
1828,0.43387519019190585,0.014462506339730195
1829,0.3661888014143114,0.012206293380477047
1830,0.6906996742717217,0.02302332247572406
1831,0.5469308007245981,0.018231026690819937
1832,0.43387519019190585,0.014462506339730195
1833,0.2271006539648224,0.007570021798827414
1834,1.8393751061841628,0.061312503539472096
1835,1.0269872242579567,0.03423290747526522
1836,2.2435889566161626,0.07478629855387209
1837,1.6634250906567936,0.05544750302189312
1838,1.4227815190592557,0.04742605063530852
1839,0.66015625,0.022005208333333335
1840,0.15234375,0.005078125
1841,1.3860583814955498,0.04620194604985166
1842,1.3860583814955498,0.04620194604985166
1843,2.315981332232624,0.07719937774108747
1844,1.4372080630867483,0.04790693543622494
1845,1.3445049205731128,0.04481683068577043
1846,1.4761542507713457,0.04920514169237819
1847,1.15910358388026,0.038636786129341995
1848,1.8727199678876176,0.062423998929587256
1849,1.6281707347223295,0.054272357824077654
1850,1.0156250000000002,0.03385416666666667
1851,0.41875291510179363,0.013958430503393121
1852,0.5001373102474584,0.016671243674915282
1853,0.594379292341231,0.019812643078041033
1854,0.25390625000000006,0.008463541666666668
1855,0.47906935436224934,0.015968978478741645
1856,0.41875291510179363,0.013958430503393121
1857,0.20937645755089682,0.006979215251696561
1858,0.2271006539648224,0.007570021798827414
1859,0.57452425971407,0.019150808657135664
1860,0.3661888014143114,0.012206293380477047
1861,0.76171875,0.025390625
1862,0.25390625000000006,0.008463541666666668
1863,0.20937645755089682,0.006979215251696561
1864,0.6813019618944672,0.02271006539648224
1865,0.609375,0.0203125
1866,0.7054756713392478,0.02351585571130826
1867,1.554437205040481,0.05181457350134937
1868,1.4935213688131692,0.04978404562710564
1869,0.6281293726526905,0.020937645755089683
1870,1.5234375,0.05078125
1871,1.6880469672010205,0.056268232240034015
1872,1.589704577753757,0.0529901525917919
1873,1.8843881179580717,0.06281293726526906
1874,0.6114872247042963,0.02038290749014321
1875,0.4094115262807857,0.01364705087602619
1876,0.609375,0.0203125
1877,1.3016255705757176,0.043387519019190586
1878,1.6194362761587944,0.053981209205293146
1879,1.3329473572600543,0.04443157857533514
1880,1.7773437500000002,0.05924479166666667
1881,0.5078125000000001,0.016927083333333336
1882,0.7932284827092695,0.026440949423642317
1883,0.3661888014143114,0.012206293380477047
1884,1.7598469130087886,0.05866156376695962
1885,1.4647552056572457,0.04882517352190819
1886,1.261380082256757,0.042046002741891894
1887,0.3661888014143114,0.012206293380477047
1888,0.45703125000000006,0.015234375000000001
1889,1.0760353957243054,0.035867846524143515
1890,0.9859935230715577,0.032866450769051925
1891,0.8375058302035873,0.027916861006786243
1892,0.35546875,0.011848958333333333
1893,0.05078125,0.0016927083333333334
1894,0.25390625000000006,0.008463541666666668
1895,0.6906996742717217,0.02302332247572406
1896,0.3661888014143114,0.012206293380477047
1897,0.15234375,0.005078125
1898,0.05078125,0.0016927083333333334
1899,0.0,0.0
1900,0.1015625,0.0033854166666666668
1901,0.20937645755089682,0.006979215251696561
1902,0.40625,0.013541666666666667
1903,0.40625,0.013541666666666667
1904,0.41875291510179363,0.013958430503393121
1905,0.203125,0.0067708333333333336
1906,0.25390625000000006,0.008463541666666668
1907,0.2271006539648224,0.007570021798827414
1908,0.25390625000000006,0.008463541666666668
1909,0.5398120920529315,0.017993736401764382
1910,1.0156250000000002,0.03385416666666667
1911,0.6177805694834129,0.020592685649447096
1912,1.0603436298112279,0.035344787660374265
1913,1.6376461051231428,0.05458820350410476
1914,1.0468822877544843,0.03489607625848281
1915,1.430012983783386,0.0476670994594462
1916,1.135503269824112,0.03785010899413707
1917,0.47906935436224934,0.015968978478741645
1918,0.6177805694834129,0.020592685649447096
1919,0.6813019618944672,0.02271006539648224
1920,0.6906996742717217,0.02302332247572406
1921,1.6880469672010205,0.056268232240034015
1922,0.7323776028286229,0.024412586760954095
1923,0.32515865268213684,0.010838621756071228
1924,1.3006346107285474,0.04335448702428491
1925,1.0269872242579567,0.03423290747526522
1926,1.3406634700919773,0.044688782336399245
1927,0.8677503803838117,0.02892501267946039
1928,1.0168937387832433,0.03389645795944144
1929,0.40625,0.013541666666666667
1930,0.6114872247042963,0.02038290749014321
1931,1.1844121036404518,0.03948040345468173
1932,1.4935213688131692,0.04978404562710564
1933,1.430012983783386,0.0476670994594462
1934,1.3626039237889345,0.04542013079296448
1935,0.4542013079296448,0.015140043597654827
1936,0.6906996742717217,0.02302332247572406
1937,0.594379292341231,0.019812643078041033
1938,0.6281293726526905,0.020937645755089683
1939,0.8512488671293857,0.02837496223764619
1940,0.9084026158592896,0.030280087195309655
1941,0.2271006539648224,0.007570021798827414
1942,1.6257932634106844,0.054193108780356145
1943,1.3329473572600543,0.04443157857533514
1944,0.8677503803838117,0.02892501267946039
1945,0.8188230525615714,0.02729410175205238
1946,1.0760353957243054,0.035867846524143515
1947,0.05078125,0.0016927083333333334
1948,1.2397283047229541,0.04132427682409847
1949,1.2113217636280886,0.04037739212093629
1950,1.9115616634479942,0.06371872211493314
1951,1.4541537017390047,0.048471790057966826
1952,1.0206904927700906,0.03402301642566968
1953,0.20937645755089682,0.006979215251696561
1954,0.25390625000000006,0.008463541666666668
1955,0.4094115262807857,0.01364705087602619
1956,1.430012983783386,0.0476670994594462
1957,2.2487552166507725,0.07495850722169242
1958,2.6411132361139993,0.08803710787046665
1959,1.0168937387832433,0.03389645795944144
1960,1.8973440781211113,0.06324480260403705
1961,2.294166265234293,0.0764722088411431
1962,2.4506886040027736,0.08168962013342579
1963,3.453125,0.11510416666666667
1964,2.3606454826437964,0.07868818275479321
1965,0.7054756713392478,0.02351585571130826
1966,1.589704577753757,0.0529901525917919
1967,2.3431021239964256,0.07810340413321419
1968,2.8744161261734966,0.09581387087244989
1969,3.07761189013317,0.102587063004439
1970,2.021706094422867,0.0673902031474289
1971,0.57452425971407,0.019150808657135664
1972,1.7737128090269434,0.05912376030089811
1973,0.44342820225673585,0.014780940075224527
1974,0.44342820225673585,0.014780940075224527
1975,1.1183410237972193,0.037278034126573975
1976,1.1183410237972193,0.037278034126573975
1977,0.47906935436224934,0.015968978478741645
1978,0.6114872247042963,0.02038290749014321
1979,1.0206904927700906,0.03402301642566968
1980,0.66015625,0.022005208333333335
1981,0.6423376497217022,0.021411254990723404
1982,0.9540930662684656,0.03180310220894885
1983,0.25390625000000006,0.008463541666666668
1984,1.3626039237889345,0.04542013079296448
1985,1.2397283047229541,0.04132427682409847
1986,1.7183282508121267,0.05727760836040422
1987,0.7393861606300526,0.024646205354335086
1988,1.5937547870638893,0.05312515956879631
1989,0.6114872247042963,0.02038290749014321
1990,0.8266588583956882,0.027555295279856274
1991,1.0206904927700906,0.03402301642566968
1992,1.2355611389668257,0.04118537129889419
1993,0.8140853673611648,0.027136178912038827
1994,0.609375,0.0203125
1995,0.203125,0.0067708333333333336
1996,0.3661888014143114,0.012206293380477047
1997,0.9322198310895143,0.031073994369650478
1998,1.2229744494085926,0.04076581498028642
1999,0.8266588583956882,0.027555295279856274
2000,0.9084026158592896,0.030280087195309655
2001,0.4094115262807857,0.01364705087602619
2002,0.9322198310895143,0.031073994369650478
2003,1.0938616014491962,0.036462053381639874
2004,1.0603436298112279,0.035344787660374265
2005,0.8188230525615714,0.02729410175205238
2006,1.8393751061841628,0.061312503539472096
2007,0.6177805694834129,0.020592685649447096
2008,0.20937645755089682,0.006979215251696561
2009,1.2846752994434043,0.04282250998144681
2010,0.287262129857035,0.009575404328567832
2011,0.6177805694834129,0.020592685649447096
2012,5.284239876326267,0.17614132921087558
2013,5.284239876326267,0.17614132921087558
2014,1.92985453635608,0.06432848454520267
2015,1.92985453635608,0.06432848454520267
2016,0.9485210127061628,0.03161736709020543
2017,0.9485210127061855,0.03161736709020618
2018,0.9485210127061628,0.03161736709020543
2019,0.25390625000000006,0.008463541666666668
2020,1.0206904927700906,0.03402301642566968
2021,0.4094115262807857,0.01364705087602619
2022,1.4254976173362235,0.04751658724454078
2023,2.0318846664738532,0.06772948888246177
2024,0.8140853673611648,0.027136178912038827
2025,0.25390625000000006,0.008463541666666668
2026,0.5398120920529315,0.017993736401764382
2027,0.8140853673611648,0.027136178912038827
2028,0.76171875,0.025390625
2029,0.7323776028286229,0.024412586760954095
2030,0.2271006539648224,0.007570021798827414
2031,0.20937645755089682,0.006979215251696561
2032,0.9540930662684656,0.03180310220894885
2033,0.45703125000000006,0.015234375000000001
2034,1.14116666291084,0.03803888876369466
2035,1.21875,0.040625
2036,2.0470576314039284,0.06823525438013095
2037,0.6423376497217022,0.021411254990723404
2038,2.021706094422867,0.0673902031474289
2039,2.0337874775664866,0.06779291591888288
2040,2.315981332232624,0.07719937774108747
2041,2.0318846664738532,0.06772948888246177
2042,1.26953125,0.042317708333333336
2043,0.6281293726526905,0.020937645755089683
2044,1.2355611389668257,0.04118537129889419
2045,1.0168937387832433,0.03389645795944144
2046,0.8677503803838117,0.02892501267946039
2047,0.4094115262807857,0.01364705087602619
2048,0.57452425971407,0.019150808657135664
2049,0.203125,0.0067708333333333336
2050,1.2229744494085926,0.04076581498028642
2051,2.041380985540181,0.06804603285133937
2052,1.6634250906567936,0.05544750302189312
2053,0.898412024095327,0.029947067469844234
2054,2.08203125,0.06940104166666666
2055,0.8140853673611648,0.027136178912038827
2056,0.4542013079296448,0.015140043597654827
2057,3.860711117401981,0.12869037058006602
2058,1.4363106492851747,0.047877021642839156
2059,0.4094115262807857,0.01364705087602619
2060,0.8125,0.027083333333333334
2061,0.25390625000000006,0.008463541666666668
2062,0.32515865268213684,0.010838621756071228
2063,0.35546875,0.011848958333333333
2064,0.609375,0.0203125
2065,3.4713729701447473,0.11571243233815824
2066,1.0468822877544843,0.03489607625848281
2067,0.4542013079296448,0.015140043597654827
2068,0.32515865268213684,0.010838621756071228
2069,0.8617863895711048,0.028726212985703492
2070,0.898412024095327,0.029947067469844234
2071,0.898412024095327,0.029947067469844234
2072,0.4542013079296448,0.015140043597654827
2073,0.203125,0.0067708333333333336
2074,0.20937645755089682,0.006979215251696561
2075,0.1015625,0.0033854166666666668
2076,0.0,0.0
2077,0.203125,0.0067708333333333336
2078,0.57452425971407,0.019150808657135664
2079,0.32515865268213684,0.010838621756071228
2080,0.20937645755089682,0.006979215251696561
2081,0.8512488671293857,0.02837496223764619
2082,0.7054756713392478,0.02351585571130826
2083,0.20937645755089682,0.006979215251696561
2084,0.0,0.0
2085,0.0,0.0
2086,0.203125,0.0067708333333333336
2087,0.15234375,0.005078125
2088,0.05078125,0.0016927083333333334
2089,0.203125,0.0067708333333333336
2090,0.25390625000000006,0.008463541666666668
2091,0.203125,0.0067708333333333336
2092,0.25390625000000006,0.008463541666666668
2093,0.8677503803838117,0.02892501267946039
2094,0.47906935436224934,0.015968978478741645
2095,1.0603436298112279,0.035344787660374265
2096,1.0168937387832433,0.03389645795944144
2097,0.43387519019190585,0.014462506339730195
2098,0.6114872247042963,0.02038290749014321
2099,0.43387519019190585,0.014462506339730195
2100,0.47906935436224934,0.015968978478741645
2101,1.2282345788423572,0.04094115262807857
2102,1.0357383386985344,0.03452461128995114
2103,0.41875291510179363,0.013958430503393121
2104,0.8375058302035873,0.027916861006786243
2105,0.203125,0.0067708333333333336
2106,0.2271006539648224,0.007570021798827414
2107,0.25390625000000006,0.008463541666666668
2108,0.4542013079296448,0.015140043597654827
2109,0.25390625000000006,0.008463541666666668
2110,0.8125,0.027083333333333334
2111,1.4647552056572457,0.04882517352190819
2112,1.6903368804860321,0.056344562682867735
2113,0.8266588583956882,0.027555295279856274
2114,1.7183282508121267,0.05727760836040422
2115,0.6813019618944672,0.02271006539648224
2116,1.14904851942814,0.03830161731427133
2117,1.26953125,0.042317708333333336
2118,1.5937547870638893,0.05312515956879631
2119,1.1844121036404518,0.03948040345468173
2120,0.6114872247042963,0.02038290749014321
2121,0.20937645755089682,0.006979215251696561
2122,0.41875291510179363,0.013958430503393121
2123,0.25390625000000006,0.008463541666666668
2124,0.6114872247042963,0.02038290749014321
2125,0.15234375,0.005078125
2126,0.6281293726526905,0.020937645755089683
2127,0.1015625,0.0033854166666666668
2128,0.66015625,0.022005208333333335
2129,0.203125,0.0067708333333333336
2130,0.5001373102474584,0.016671243674915282
2131,0.6423376497217022,0.021411254990723404
2132,0.20937645755089682,0.006979215251696561
2133,0.05078125,0.0016927083333333334
2134,0.45703125000000006,0.015234375000000001
2135,0.05078125,0.0016927083333333334
2136,0.5398120920529315,0.017993736401764382
2137,0.898412024095327,0.029947067469844234
2138,0.6177805694834129,0.020592685649447096
2139,0.4094115262807857,0.01364705087602619
2140,1.3358461226059122,0.04452820408686374
2141,0.9084026158592896,0.030280087195309655
2142,0.9859935230715577,0.032866450769051925
2143,0.6906996742717217,0.02302332247572406
2144,0.5001373102474584,0.016671243674915282
2145,0.1015625,0.0033854166666666668
2146,0.25390625000000006,0.008463541666666668
2147,0.287262129857035,0.009575404328567832
2148,0.2271006539648224,0.007570021798827414
2149,0.40625,0.013541666666666667
2150,0.32515865268213684,0.010838621756071228
2151,0.1015625,0.0033854166666666668
2152,0.4094115262807857,0.01364705087602619
2153,0.7054756713392478,0.02351585571130826
2154,0.6423376497217022,0.021411254990723404
2155,0.4094115262807857,0.01364705087602619
2156,0.5469308007245981,0.018231026690819937
2157,0.25390625000000006,0.008463541666666668
2158,0.3046875,0.01015625
2159,0.2271006539648224,0.007570021798827414
2160,0.25390625000000006,0.008463541666666668
2161,0.25390625000000006,0.008463541666666668
2162,0.3661888014143114,0.012206293380477047
2163,0.203125,0.0067708333333333336
2164,0.4094115262807857,0.01364705087602619
2165,0.43387519019190585,0.014462506339730195
2166,0.40625,0.013541666666666667
2167,0.8868564045134717,0.029561880150449055
2168,0.6114872247042963,0.02038290749014321
2169,0.20937645755089682,0.006979215251696561
2170,0.5398120920529315,0.017993736401764382
2171,0.76171875,0.025390625
2172,0.5078125000000001,0.016927083333333336
2173,0.8266588583956882,0.027555295279856274
2174,0.9540930662684656,0.03180310220894885
2175,0.4094115262807857,0.01364705087602619
2176,0.20937645755089682,0.006979215251696561
2177,0.25390625000000006,0.008463541666666668
2178,0.66015625,0.022005208333333335
2179,1.0156250000000002,0.03385416666666667
2180,0.8512488671293857,0.02837496223764619
2181,0.203125,0.0067708333333333336
2182,0.8140853673611648,0.027136178912038827
2183,0.6906996742717217,0.02302332247572406
2184,0.5078125000000001,0.016927083333333336
2185,0.6281293726526905,0.020937645755089683
2186,0.43387519019190585,0.014462506339730195
2187,0.05078125,0.0016927083333333334
2188,0.25390625000000006,0.008463541666666668
2189,0.7323776028286229,0.024412586760954095
2190,0.15234375,0.005078125
2191,0.40625,0.013541666666666667
2192,1.1137197601288946,0.03712399200429649
2193,0.25390625000000006,0.008463541666666668
2194,0.6281293726526905,0.020937645755089683
2195,0.203125,0.0067708333333333336
2196,0.40625,0.013541666666666667
2197,0.8375058302035873,0.027916861006786243
2198,1.6376461051231428,0.05458820350410476
2199,0.4542013079296448,0.015140043597654827
2200,0.4542013079296448,0.015140043597654827
